,open,close,high,low,volume,money,pre_close,avg
2018-01-02,4.39,4.5,4.62,4.35,411281251.0,1847257093.0,4.46,4.49
2018-01-03,4.42,4.44,4.49,4.32,374483092.0,1653315048.0,4.5,4.41
2018-01-04,4.35,4.51,4.57,4.23,623765771.0,2744447356.0,4.44,4.4
2018-01-05,4.44,4.4,4.54,4.38,326925090.0,1453642512.0,4.51,4.45
2018-01-08,4.32,4.36,4.41,4.3,262385223.0,1136866755.0,4.4,4.33
2018-01-09,4.36,4.31,4.41,4.3,224200283.0,974375975.0,4.36,4.35
2018-01-10,4.27,4.18,4.3,4.14,318692935.0,1341450191.0,4.31,4.21
2018-01-11,4.14,4.19,4.29,4.05,267453110.0,1119393155.0,4.18,4.19
2018-01-12,4.18,4.06,4.19,4.05,242596877.0,994597555.0,4.19,4.1
2018-01-15,4.01,3.85,4.01,3.82,241411052.0,941727413.0,4.06,3.9
2018-01-16,3.82,4.24,4.24,3.79,469869800.0,1960494346.0,3.85,4.17
2018-01-17,4.45,4.35,4.59,4.3,651133104.0,2897082204.0,4.24,4.45
2018-01-18,4.24,4.25,4.36,4.09,336673334.0,1415170080.0,4.35,4.2
2018-01-19,4.19,4.21,4.36,4.14,226530974.0,964069911.0,4.25,4.26
2018-01-22,4.17,4.12,4.17,4.05,175651907.0,722717536.0,4.21,4.11
2018-01-23,4.08,4.14,4.16,4.08,142131276.0,583765380.0,4.12,4.11
2018-01-24,4.17,4.15,4.27,4.09,178656833.0,746469838.0,4.14,4.18
2018-01-25,4.12,4.1,4.17,4.07,156057333.0,641572887.0,4.15,4.11
2018-01-26,4.07,4.07,4.12,4.06,115085567.0,468846438.0,4.1,4.07
2018-01-29,4.09,4.1,4.17,4.07,143229493.0,587471311.0,4.07,4.1
2018-01-30,4.15,4.14,4.17,4.09,151387276.0,625012351.0,4.1,4.13
2018-01-31,4.09,3.97,4.12,3.92,166212359.0,665785320.0,4.14,4.01
2018-02-01,3.98,3.85,3.99,3.81,137117370.0,532413051.0,3.97,3.88
2018-02-02,3.84,3.89,3.99,3.67,121815562.0,470623030.0,3.85,3.86
2018-02-05,3.79,3.81,3.85,3.75,83949849.0,319992410.0,3.89,3.81
2018-02-06,3.72,3.55,3.77,3.54,138055557.0,506800528.0,3.81,3.67
2018-02-07,3.62,3.58,3.68,3.45,107362065.0,384538734.0,3.55,3.58
2018-02-08,3.55,3.57,3.6,3.54,73921583.0,263843504.0,3.58,3.57
2018-02-09,3.48,3.34,3.48,3.3,127230740.0,430619289.0,3.57,3.38
2018-02-12,3.38,3.39,3.41,3.35,63337760.0,214601806.0,3.34,3.39
2018-02-13,3.41,3.39,3.45,3.38,65125699.0,222117999.0,3.39,3.41
2018-02-14,3.39,3.37,3.4,3.35,44134996.0,148661497.0,3.39,3.37
2018-02-22,3.39,3.43,3.45,3.38,63282964.0,216134442.0,3.37,3.42
2018-02-23,3.43,3.56,3.71,3.4,122762187.0,437599944.0,3.43,3.56
2018-02-26,3.55,3.63,3.66,3.54,101836249.0,367887658.0,3.56,3.61
2018-02-27,3.61,3.57,3.62,3.55,77669333.0,278012173.0,3.63,3.58
2018-02-28,3.54,3.56,3.6,3.5,61193301.0,217266425.0,3.57,3.55
2018-03-01,3.53,3.55,3.56,3.51,64266839.0,227488728.0,3.56,3.54
2018-03-02,3.51,3.57,3.66,3.5,95443497.0,341567797.0,3.55,3.58
2018-03-05,3.56,3.53,3.56,3.51,68675693.0,242355880.0,3.57,3.53
2018-03-06,3.53,3.59,3.61,3.52,100479421.0,357466926.0,3.53,3.56
2018-03-07,3.56,3.61,3.69,3.55,152965574.0,554084729.0,3.59,3.62
2018-03-08,3.56,3.6,3.65,3.54,102865729.0,369348462.0,3.61,3.59
2018-03-09,3.58,3.61,3.61,3.56,100849281.0,362186090.0,3.6,3.59
2018-03-12,3.61,3.61,3.64,3.59,99475612.0,358619585.0,3.61,3.61
2018-03-13,3.6,3.56,3.61,3.55,85299093.0,304777057.0,3.61,3.57
2018-03-14,3.55,3.54,3.6,3.54,68026016.0,241808921.0,3.56,3.55
2018-03-15,3.52,3.51,3.55,3.47,90569470.0,317442262.0,3.54,3.5
2018-03-16,3.5,3.46,3.52,3.45,66918309.0,233338350.0,3.51,3.49
2018-03-19,3.46,3.45,3.47,3.41,63487179.0,218182811.0,3.46,3.44
2018-03-20,3.4,3.45,3.46,3.39,63212630.0,216758648.0,3.45,3.43
2018-03-21,3.45,3.46,3.54,3.42,109555150.0,379574607.0,3.45,3.46
2018-03-22,3.44,3.41,3.45,3.4,71305972.0,244004135.0,3.46,3.42
2018-03-23,3.33,3.17,3.33,3.13,131632289.0,425767643.0,3.41,3.23
2018-03-26,3.1,3.15,3.17,2.97,78330509.0,241150473.0,3.17,3.08
2018-03-27,3.18,3.21,3.26,3.18,80864173.0,260126353.0,3.15,3.22
2018-03-28,3.16,3.18,3.24,3.13,57015835.0,181821076.0,3.21,3.19
2018-03-29,3.19,3.2,3.22,3.17,51433521.0,164187580.0,3.18,3.19
2018-03-30,3.22,3.18,3.22,3.18,47491733.0,151595800.0,3.2,3.19
2018-04-02,3.18,3.15,3.18,3.13,59191240.0,186961465.0,3.18,3.16
2018-04-03,3.09,3.07,3.1,3.05,59827380.0,183652124.0,3.15,3.07
2018-04-04,3.1,3.06,3.11,3.05,44009498.0,135321254.0,3.07,3.07
2018-04-09,3.03,3.03,3.05,3.0,44229697.0,133809691.0,3.06,3.03
2018-04-10,3.04,3.15,3.2,3.02,116145423.0,363314681.0,3.03,3.13
2018-04-11,3.13,3.11,3.14,3.1,64525980.0,201147215.0,3.15,3.12
2018-04-12,3.12,3.16,3.2,3.1,89708643.0,283195212.0,3.11,3.16
2018-04-13,3.14,3.17,3.19,3.14,60638880.0,191745180.0,3.16,3.16
2018-04-16,3.18,3.08,3.18,3.05,57196832.0,177893962.0,3.17,3.11
2018-04-17,3.07,3.02,3.09,3.0,57039551.0,173591794.0,3.08,3.04
2018-04-18,3.02,3.01,3.05,2.96,51116660.0,152848250.0,3.02,2.99
2018-04-19,3.01,3.02,3.02,2.98,41327822.0,124406536.0,3.01,3.01
2018-04-20,3.0,2.95,3.01,2.93,54200876.0,160753154.0,3.02,2.97
2018-04-23,2.95,2.91,2.96,2.89,39327996.0,114850949.0,2.95,2.92
2018-04-24,2.91,2.95,2.97,2.91,50113236.0,147563219.0,2.91,2.94
2018-04-25,2.92,2.94,2.95,2.91,33707264.0,98774454.0,2.95,2.93
2018-04-26,2.97,2.87,2.97,2.87,44396759.0,129381895.0,2.94,2.91
2018-04-27,2.88,2.86,2.9,2.85,36199213.0,103614746.0,2.87,2.86
2018-05-02,2.86,2.83,2.88,2.82,30590477.0,86862990.0,2.86,2.84
2018-05-03,2.82,2.81,2.83,2.76,51862478.0,144888487.0,2.83,2.79
2018-05-04,2.81,2.81,2.84,2.79,35767190.0,100817025.0,2.81,2.82
2018-05-07,2.81,2.85,2.85,2.81,37048748.0,104979263.0,2.81,2.83
2018-05-08,2.85,2.86,2.86,2.83,41820941.0,119205948.0,2.85,2.85
2018-05-09,2.86,2.83,2.86,2.81,32085844.0,90966201.0,2.86,2.84
2018-05-10,2.83,2.84,2.85,2.82,26080285.0,73927481.0,2.83,2.83
2018-05-11,2.83,2.81,2.84,2.81,28444803.0,80280537.0,2.84,2.82
2018-05-14,2.81,2.8,2.82,2.78,27565868.0,77308073.0,2.81,2.8
2018-05-15,2.79,3.07,3.07,2.76,164795905.0,494669093.0,2.8,3.0
2018-05-16,2.98,2.95,3.02,2.93,160277587.0,477471693.0,3.07,2.98
2018-05-17,2.93,2.9,2.95,2.89,64560366.0,187604508.0,2.95,2.91
2018-05-18,2.89,2.93,2.97,2.87,65670647.0,192055247.0,2.9,2.92
2018-05-21,2.94,2.96,2.97,2.92,62780012.0,184954419.0,2.93,2.95
2018-05-22,2.95,3.0,3.06,2.93,81101284.0,243231779.0,2.96,3.0
2018-05-23,2.97,3.03,3.11,2.96,117533318.0,357547034.0,3.0,3.04
2018-05-24,3.0,2.98,3.02,2.96,70767790.0,211226257.0,3.03,2.98
2018-05-25,2.96,2.94,2.97,2.92,44358635.0,130687913.0,2.98,2.95
2018-05-28,2.94,2.86,2.94,2.86,46448701.0,134170123.0,2.94,2.89
2018-05-29,2.86,2.87,2.91,2.86,36761317.0,105860591.0,2.86,2.88
2018-05-30,2.82,2.75,2.82,2.75,58907870.0,164445275.0,2.87,2.79
2018-05-31,2.76,2.81,2.81,2.76,34143986.0,95230980.0,2.75,2.79
2018-06-01,2.78,2.79,2.82,2.77,25795559.0,72041974.0,2.81,2.79
2018-06-04,2.81,2.84,2.86,2.81,39875221.0,113230660.0,2.79,2.84
2018-06-05,2.85,2.83,2.85,2.81,30692886.0,86598194.0,2.84,2.82
2018-06-06,2.81,2.88,2.93,2.81,49144355.0,140765222.0,2.83,2.86
2018-06-07,2.87,2.86,2.92,2.86,37582273.0,108375726.0,2.88,2.88
2018-06-08,2.86,2.85,2.86,2.82,37451657.0,106270910.0,2.86,2.84
2018-06-11,2.83,2.84,2.86,2.81,22563470.0,63990143.0,2.85,2.84
2018-06-12,2.85,2.85,2.86,2.81,23646621.0,67136341.0,2.84,2.84
2018-06-13,2.84,2.8,2.85,2.79,29477362.0,82958986.0,2.85,2.81
2018-06-14,2.78,2.8,2.81,2.76,21780807.0,60889157.0,2.8,2.8
2018-06-15,2.8,2.76,2.81,2.75,30167741.0,83638841.0,2.8,2.77
2018-06-19,2.73,2.56,2.73,2.49,66242962.0,172822551.0,2.76,2.61
2018-06-20,2.54,2.58,2.59,2.53,29437626.0,75590523.0,2.56,2.57
2018-06-21,2.58,2.55,2.61,2.54,31742536.0,81808027.0,2.58,2.58
2018-06-22,2.53,2.56,2.57,2.52,22549645.0,57569302.0,2.55,2.55
2018-06-25,2.59,2.58,2.6,2.57,23636276.0,61022501.0,2.56,2.58
2018-06-26,2.54,2.59,2.59,2.53,26519797.0,68113592.0,2.58,2.57
2018-06-27,2.61,2.58,2.62,2.57,21681439.0,56092898.0,2.59,2.59
2018-06-28,2.59,2.55,2.6,2.54,24610606.0,63233765.0,2.58,2.57
2018-06-29,2.54,2.6,2.61,2.54,35219208.0,90906825.0,2.55,2.58
2018-07-02,2.6,2.56,2.6,2.54,29615450.0,76222431.0,2.6,2.57
2018-07-03,2.56,2.58,2.58,2.54,23329051.0,59829463.0,2.56,2.56
2018-07-04,2.57,2.55,2.58,2.55,20736560.0,53176293.0,2.58,2.56
2018-07-05,2.55,2.48,2.57,2.47,31171394.0,78356299.0,2.55,2.51
2018-07-06,2.48,2.45,2.49,2.36,38369967.0,93542010.0,2.48,2.44
2018-07-09,2.45,2.49,2.5,2.44,28158274.0,69772243.0,2.45,2.48
2018-07-10,2.48,2.49,2.49,2.47,24088532.0,59744228.0,2.49,2.48
2018-07-11,2.47,2.42,2.48,2.39,30929088.0,75069492.0,2.49,2.43
2018-07-12,2.4,2.48,2.52,2.39,46614766.0,115376253.0,2.42,2.47
2018-07-13,2.48,2.48,2.5,2.47,25086793.0,62280417.0,2.48,2.48
2018-07-16,2.47,2.47,2.48,2.45,20347291.0,50072322.0,2.48,2.46
2018-07-17,2.46,2.46,2.47,2.44,20466605.0,50216136.0,2.47,2.45
2018-07-18,2.45,2.6,2.71,2.45,133755527.0,350989730.0,2.46,2.62
2018-07-19,2.54,2.53,2.56,2.51,69306641.0,175458132.0,2.6,2.53
2018-07-20,2.51,2.58,2.6,2.49,71467269.0,182821483.0,2.53,2.56
2018-07-23,2.55,2.61,2.63,2.54,50452896.0,131226369.0,2.58,2.6
2018-07-24,2.6,2.67,2.75,2.6,84391052.0,224806054.0,2.61,2.66
2018-07-25,2.65,2.63,2.66,2.61,49497873.0,130348558.0,2.67,2.63
2018-07-26,2.62,2.67,2.73,2.62,66431499.0,177571915.0,2.63,2.67
2018-07-27,2.66,2.65,2.72,2.64,48500641.0,129507318.0,2.67,2.67
2018-07-30,2.66,2.62,2.67,2.61,34797015.0,91641470.0,2.65,2.63
2018-07-31,2.62,2.64,2.66,2.61,31029922.0,82071029.0,2.62,2.64
2018-08-01,2.63,2.6,2.66,2.59,34771496.0,91459134.0,2.64,2.63
2018-08-02,2.6,2.54,2.6,2.49,42678857.0,108549622.0,2.6,2.54
2018-08-03,2.53,2.53,2.57,2.52,20409936.0,51999856.0,2.54,2.55
2018-08-06,2.53,2.48,2.54,2.48,25445712.0,63782996.0,2.53,2.51
2018-08-07,2.49,2.54,2.54,2.48,28160912.0,70840071.0,2.48,2.52
2018-08-08,2.53,2.53,2.55,2.53,20979380.0,53183818.0,2.54,2.53
2018-08-09,2.53,2.57,2.6,2.5,39106941.0,100175151.0,2.53,2.56
2018-08-10,2.55,2.56,2.58,2.54,22947149.0,58681388.0,2.57,2.56
2018-08-13,2.54,2.53,2.54,2.5,23615074.0,59539498.0,2.56,2.52
2018-08-14,2.53,2.53,2.54,2.52,15898208.0,40195549.0,2.53,2.53
2018-08-15,2.53,2.48,2.54,2.48,21928381.0,54918646.0,2.53,2.5
2018-08-16,2.47,2.47,2.5,2.45,18994033.0,46987297.0,2.48,2.47
2018-08-17,2.48,2.44,2.49,2.43,15761762.0,38848172.0,2.47,2.46
2018-08-20,2.43,2.45,2.46,2.42,15628178.0,38097977.0,2.44,2.44
2018-08-21,2.45,2.48,2.48,2.44,15950208.0,39442587.0,2.45,2.47
2018-08-22,2.46,2.44,2.47,2.43,13436070.0,32911614.0,2.48,2.45
2018-08-23,2.44,2.45,2.46,2.43,12950229.0,31708340.0,2.44,2.45
2018-08-24,2.45,2.46,2.48,2.43,18289046.0,44890854.0,2.45,2.45
2018-08-27,2.45,2.48,2.49,2.45,23513937.0,58152992.0,2.46,2.47
2018-08-28,2.48,2.48,2.48,2.47,12877975.0,31882695.0,2.48,2.48
2018-08-29,2.47,2.47,2.48,2.46,10014893.0,24695755.0,2.48,2.47
2018-08-30,2.47,2.45,2.48,2.45,14825184.0,36484131.0,2.47,2.46
2018-08-31,2.45,2.42,2.46,2.42,17802192.0,43290116.0,2.45,2.43
2018-09-03,2.41,2.39,2.42,2.37,23289460.0,55699892.0,2.42,2.39
2018-09-04,2.4,2.41,2.42,2.38,14586011.0,35072599.0,2.39,2.4
2018-09-05,2.4,2.38,2.42,2.37,17042401.0,40816861.0,2.41,2.4
2018-09-06,2.37,2.41,2.48,2.36,35795158.0,86410437.0,2.38,2.41
2018-09-07,2.39,2.41,2.42,2.38,25661157.0,61587294.0,2.41,2.4
2018-09-10,2.41,2.42,2.43,2.38,26141939.0,62986470.0,2.41,2.41
2018-09-11,2.42,2.41,2.42,2.39,13999054.0,33698195.0,2.42,2.41
2018-09-12,2.41,2.42,2.45,2.4,20872499.0,50709529.0,2.41,2.43
2018-09-13,2.42,2.42,2.44,2.41,18327616.0,44418894.0,2.42,2.42
2018-09-14,2.42,2.41,2.43,2.4,14797243.0,35730360.0,2.42,2.41
2018-09-17,2.4,2.38,2.41,2.37,13628885.0,32495658.0,2.41,2.38
2018-09-18,2.37,2.41,2.42,2.36,17188675.0,41128742.0,2.38,2.39
2018-09-19,2.4,2.42,2.43,2.4,25339567.0,61262328.0,2.41,2.42
2018-09-20,2.42,2.41,2.42,2.41,15408374.0,37191299.0,2.42,2.41
2018-09-21,2.42,2.43,2.44,2.4,31429432.0,76233390.0,2.41,2.43
2018-09-25,2.42,2.42,2.45,2.41,26073243.0,63176582.0,2.43,2.42
2018-09-26,2.42,2.42,2.44,2.41,21757705.0,52832489.0,2.42,2.43
2018-09-27,2.42,2.4,2.43,2.4,21809770.0,52617415.0,2.42,2.41
2018-09-28,2.41,2.42,2.42,2.39,16522476.0,39774746.0,2.4,2.41
2018-10-08,2.39,2.36,2.4,2.36,33413121.0,79153416.0,2.42,2.37
2018-10-09,2.36,2.36,2.37,2.36,13736700.0,32434019.0,2.36,2.36
2018-10-10,2.36,2.36,2.37,2.35,13537520.0,31963887.0,2.36,2.36
2018-10-11,2.33,2.18,2.33,2.14,45067999.0,100609725.0,2.36,2.23
2018-10-12,2.18,2.15,2.18,2.06,28227840.0,60245706.0,2.18,2.13
2018-10-15,2.15,2.12,2.18,2.12,24837154.0,53403063.0,2.15,2.15
2018-10-16,2.12,2.09,2.14,2.08,15354314.0,32431447.0,2.12,2.11
2018-10-17,2.1,2.06,2.12,2.05,34768603.0,72298954.0,2.09,2.08
2018-10-18,2.06,1.98,2.06,1.97,32221741.0,65034313.0,2.06,2.02
2018-10-19,1.95,2.0,2.01,1.91,31177320.0,61477947.0,1.98,1.97
2018-10-22,2.0,2.17,2.18,2.0,77322951.0,165021132.0,2.0,2.13
2018-10-23,2.17,2.17,2.24,2.15,51297065.0,112412333.0,2.17,2.19
2018-10-24,2.16,2.25,2.27,2.16,66444340.0,148229045.0,2.17,2.23
2018-10-25,2.2,2.39,2.45,2.18,125228688.0,293227415.0,2.25,2.34
2018-10-26,2.4,2.42,2.44,2.36,77719504.0,187144876.0,2.39,2.41
2018-10-29,2.42,2.42,2.46,2.37,55167261.0,133640325.0,2.42,2.42
2018-10-30,2.44,2.57,2.58,2.43,110116352.0,278724056.0,2.42,2.53
2018-10-31,2.58,2.57,2.6,2.54,59083246.0,151551286.0,2.57,2.56
2018-11-01,2.57,2.56,2.58,2.52,57670908.0,146792695.0,2.57,2.55
2018-11-02,2.56,2.57,2.58,2.54,52688554.0,134897889.0,2.56,2.56
2018-11-05,2.56,2.66,2.68,2.54,89376716.0,235524043.0,2.57,2.64
2018-11-06,2.64,2.65,2.66,2.59,52198673.0,137656150.0,2.66,2.64
2018-11-07,2.65,2.58,2.66,2.58,52948412.0,138244930.0,2.65,2.61
2018-11-08,2.61,2.6,2.64,2.6,40308178.0,105207784.0,2.58,2.61
2018-11-09,2.6,2.57,2.62,2.55,35262974.0,90962189.0,2.6,2.58
2018-11-12,2.59,2.62,2.62,2.59,25804613.0,67333995.0,2.57,2.61
2018-11-13,2.6,2.62,2.65,2.59,31498095.0,82467189.0,2.62,2.62
2018-11-14,2.61,2.64,2.65,2.6,39021124.0,102579321.0,2.62,2.63
2018-11-15,2.62,2.66,2.66,2.61,39580655.0,104613156.0,2.64,2.64
2018-11-16,2.66,2.66,2.67,2.63,30719878.0,81468188.0,2.66,2.65
2018-11-19,2.65,2.7,2.72,2.63,57338174.0,153291650.0,2.66,2.67
2018-11-20,2.68,2.61,2.69,2.6,51987490.0,137219776.0,2.7,2.64
2018-11-21,2.6,2.6,2.62,2.58,36347245.0,94328177.0,2.61,2.59
2018-11-22,2.6,2.63,2.65,2.6,29311261.0,77069327.0,2.6,2.63
2018-11-23,2.62,2.52,2.64,2.52,34208513.0,87798817.0,2.63,2.57
2018-11-26,2.51,2.54,2.55,2.5,17825534.0,45183293.0,2.52,2.53
2018-11-27,2.54,2.55,2.58,2.54,24235091.0,61979363.0,2.54,2.56
2018-11-28,2.55,2.56,2.57,2.53,15516415.0,39567553.0,2.55,2.55
2018-11-29,2.56,2.48,2.57,2.47,21473094.0,54137768.0,2.56,2.52
2018-11-30,2.48,2.49,2.5,2.44,20984928.0,51899027.0,2.48,2.47
2018-12-03,2.52,2.55,2.58,2.52,29074267.0,74396116.0,2.49,2.56
2018-12-04,2.57,2.57,2.58,2.55,16766721.0,43009899.0,2.55,2.56
2018-12-05,2.54,2.54,2.55,2.52,17182196.0,43672428.0,2.57,2.54
2018-12-06,2.54,2.54,2.55,2.53,15619057.0,39605428.0,2.54,2.54
2018-12-07,2.54,2.52,2.54,2.5,14262972.0,35904519.0,2.54,2.52
2018-12-10,2.52,2.55,2.57,2.52,31902208.0,81233339.0,2.52,2.55
2018-12-11,2.54,2.54,2.55,2.52,25448785.0,64410297.0,2.55,2.53
2018-12-12,2.56,2.55,2.56,2.54,18989092.0,48342812.0,2.54,2.55
2018-12-13,2.54,2.59,2.6,2.54,32764281.0,84358657.0,2.55,2.58
2018-12-14,2.57,2.54,2.59,2.54,18621772.0,47768027.0,2.59,2.56
2018-12-17,2.54,2.6,2.6,2.54,29004517.0,74824379.0,2.54,2.58
2018-12-18,2.6,2.61,2.62,2.56,36996026.0,96150646.0,2.6,2.6
2018-12-19,2.62,2.67,2.72,2.61,48676249.0,130516667.0,2.61,2.68
2018-12-20,2.67,2.68,2.69,2.65,30649167.0,81865094.0,2.67,2.67
2018-12-21,2.69,2.66,2.69,2.63,33029112.0,87684657.0,2.68,2.65
2018-12-24,2.67,2.61,2.68,2.6,23918389.0,62867755.0,2.66,2.63
2018-12-25,2.62,2.63,2.64,2.59,31053619.0,81183054.0,2.61,2.61
2018-12-26,2.64,2.62,2.65,2.62,16926877.0,44653652.0,2.63,2.64
2018-12-27,2.66,2.66,2.67,2.64,26970179.0,71719602.0,2.62,2.66
2018-12-28,2.67,2.7,2.71,2.65,30019622.0,80670280.0,2.66,2.69
2019-01-02,2.7,2.69,2.71,2.65,30117366.0,80881737.0,2.7,2.69
2019-01-03,2.69,2.68,2.7,2.66,20120049.0,53878838.0,2.69,2.68
2019-01-04,2.68,2.72,2.74,2.66,36500658.0,98858055.0,2.68,2.71
2019-01-07,2.75,2.8,2.81,2.75,43640260.0,121362841.0,2.72,2.78
2019-01-08,2.78,2.87,2.9,2.78,49962425.0,142499804.0,2.8,2.85
2019-01-09,2.85,2.9,2.96,2.85,55166638.0,161072662.0,2.87,2.92
2019-01-10,2.9,2.85,2.92,2.84,44827514.0,128635588.0,2.9,2.87
2019-01-11,2.85,2.83,2.88,2.82,25891175.0,73593846.0,2.85,2.84
2019-01-14,2.84,2.84,2.89,2.84,24244838.0,69402587.0,2.83,2.86
2019-01-15,2.84,2.84,2.87,2.83,31876133.0,90611620.0,2.84,2.84
2019-01-16,2.86,2.75,2.89,2.73,67064523.0,186843338.0,2.84,2.79
2019-01-17,2.77,2.77,2.79,2.75,37761576.0,104802818.0,2.75,2.78
2019-01-18,2.77,2.76,2.78,2.74,27045001.0,74683583.0,2.77,2.76
2019-01-21,2.76,2.82,2.84,2.76,32693451.0,91606687.0,2.76,2.8
2019-01-22,2.81,2.78,2.82,2.78,18229472.0,50971945.0,2.82,2.8
2019-01-23,2.78,2.81,2.81,2.77,17619712.0,49186898.0,2.78,2.79
2019-01-24,2.81,2.78,2.82,2.78,24950377.0,69579470.0,2.81,2.79
2019-01-25,2.78,2.79,2.81,2.78,17451000.0,48802943.0,2.78,2.8
2019-01-28,2.84,2.8,2.85,2.78,24930920.0,70047006.0,2.79,2.81
2019-01-29,2.78,2.79,2.81,2.74,28165609.0,78306344.0,2.8,2.78
2019-01-30,2.78,2.82,2.85,2.78,25868691.0,73150078.0,2.79,2.83
2019-01-31,2.81,2.74,2.83,2.74,34300291.0,94854371.0,2.82,2.77
2019-02-01,2.76,2.83,2.83,2.76,22561725.0,63134545.0,2.74,2.8
2019-02-11,2.82,2.87,2.89,2.81,31396719.0,89879691.0,2.83,2.86
2019-02-12,2.88,2.9,2.9,2.87,27220170.0,78761691.0,2.87,2.89
2019-02-13,2.9,2.91,2.92,2.89,34311546.0,99827397.0,2.9,2.91
2019-02-14,2.92,2.9,2.94,2.89,29345455.0,85163737.0,2.91,2.9
2019-02-15,2.9,2.88,2.9,2.88,25896846.0,74943708.0,2.9,2.89
2019-02-18,2.88,2.91,2.92,2.88,29938764.0,87043471.0,2.88,2.91
2019-02-19,2.92,2.9,2.94,2.89,39765514.0,115842934.0,2.91,2.91
2019-02-20,2.91,2.92,2.92,2.9,22632116.0,65855608.0,2.9,2.91
2019-02-21,2.91,2.96,3.04,2.9,66366144.0,197751816.0,2.92,2.98
2019-02-22,2.93,2.97,2.99,2.93,27974200.0,82759798.0,2.96,2.96
2019-02-25,2.98,3.07,3.07,2.96,87724970.0,265247373.0,2.97,3.02
2019-02-26,3.07,3.05,3.13,3.03,75939354.0,233137106.0,3.07,3.07
2019-02-27,3.04,3.03,3.08,3.02,54419890.0,165647058.0,3.05,3.04
2019-02-28,3.02,3.0,3.06,2.98,46061816.0,138972691.0,3.03,3.02
2019-03-01,3.02,3.06,3.07,2.99,49902262.0,150948612.0,3.0,3.02
2019-03-04,3.06,3.08,3.11,3.05,77515112.0,238802047.0,3.06,3.08
2019-03-05,3.08,3.14,3.14,3.07,58378760.0,181302201.0,3.08,3.11
2019-03-06,3.15,3.27,3.32,3.14,97385027.0,314361800.0,3.14,3.23
2019-03-07,3.3,3.28,3.32,3.21,93052006.0,303972493.0,3.27,3.27
2019-03-08,3.2,3.09,3.26,3.08,94464089.0,299593583.0,3.28,3.17
2019-03-11,3.1,3.15,3.18,3.08,61030845.0,191126783.0,3.09,3.13
2019-03-12,3.17,3.2,3.29,3.17,93168385.0,300415278.0,3.15,3.22
2019-03-13,3.19,3.13,3.2,3.12,60185451.0,189748547.0,3.2,3.15
2019-03-14,3.13,3.08,3.14,3.05,52108260.0,160802189.0,3.13,3.09
2019-03-15,3.08,3.1,3.15,3.08,36938630.0,114823630.0,3.08,3.11
2019-03-18,3.11,3.18,3.19,3.09,42742439.0,134692090.0,3.1,3.15
2019-03-19,3.19,3.21,3.29,3.19,57342643.0,185161869.0,3.18,3.23
2019-03-20,3.22,3.23,3.23,3.18,41729293.0,133551638.0,3.21,3.2
2019-03-21,3.22,3.31,3.35,3.21,88730482.0,292241519.0,3.23,3.29
2019-03-22,3.31,3.42,3.42,3.29,101510335.0,341489694.0,3.31,3.36
2019-03-25,3.39,3.36,3.5,3.34,87625610.0,300596959.0,3.42,3.43
2019-03-26,3.39,3.38,3.47,3.36,74821547.0,255239939.0,3.36,3.41
2019-03-27,3.41,3.45,3.49,3.4,62205424.0,214075591.0,3.38,3.44
2019-03-28,3.46,3.44,3.46,3.4,53372734.0,183087056.0,3.45,3.43
2019-03-29,3.45,3.51,3.53,3.44,79194678.0,276985720.0,3.44,3.5
2019-04-01,3.53,3.64,3.64,3.53,85612486.0,307891151.0,3.51,3.6
2019-04-02,3.65,3.63,3.74,3.6,76663202.0,279430626.0,3.64,3.65
2019-04-03,3.7,3.83,3.83,3.68,118802907.0,446908222.0,3.63,3.76
2019-04-04,3.89,3.93,3.98,3.83,100867880.0,392678037.0,3.83,3.89
2019-04-08,3.93,3.74,3.97,3.65,122939921.0,463303684.0,3.93,3.77
2019-04-09,3.77,3.71,3.8,3.67,59535119.0,220845646.0,3.74,3.71
2019-04-10,3.69,3.61,3.69,3.56,79108824.0,285560948.0,3.71,3.61
2019-04-11,3.61,3.6,3.66,3.56,45588911.0,164558528.0,3.61,3.61
2019-04-12,3.58,3.6,3.62,3.56,41249190.0,147961110.0,3.6,3.59
2019-04-15,3.62,3.53,3.66,3.52,53350044.0,191871254.0,3.6,3.6
2019-04-16,3.53,3.56,3.56,3.43,66584614.0,231650679.0,3.53,3.48
2019-04-17,3.56,3.59,3.62,3.52,48248973.0,171879107.0,3.56,3.56
2019-04-18,3.58,3.55,3.59,3.53,24751594.0,87880625.0,3.59,3.55
2019-04-19,3.56,3.52,3.56,3.45,44946059.0,156859760.0,3.55,3.49
2019-04-22,3.51,3.47,3.52,3.46,32991319.0,115076526.0,3.52,3.49
2019-04-23,3.48,3.45,3.49,3.44,27279094.0,94321361.0,3.47,3.46
2019-04-24,3.48,3.54,3.54,3.46,42457248.0,148922243.0,3.45,3.51
2019-04-25,3.55,3.48,3.56,3.46,39890218.0,140352731.0,3.54,3.52
2019-04-26,3.5,3.59,3.6,3.44,72669247.0,258204700.0,3.48,3.55
2019-04-29,3.58,3.58,3.62,3.55,58568950.0,210015096.0,3.59,3.59
2019-04-30,3.56,3.5,3.58,3.49,38799981.0,137603387.0,3.58,3.55
2019-05-06,3.44,3.34,3.44,3.27,68418897.0,228811046.0,3.5,3.34
2019-05-07,3.37,3.35,3.38,3.32,32203573.0,107749624.0,3.34,3.35
2019-05-08,3.31,3.34,3.39,3.23,30971516.0,102978260.0,3.35,3.32
2019-05-09,3.32,3.2,3.35,3.17,41747765.0,136187091.0,3.34,3.26
2019-05-10,3.23,3.32,3.33,3.21,34920362.0,114288490.0,3.2,3.27
2019-05-13,3.3,3.28,3.32,3.27,17194326.0,56652473.0,3.32,3.29
2019-05-14,3.25,3.25,3.29,3.22,22365818.0,72740742.0,3.28,3.25
2019-05-15,3.26,3.3,3.31,3.26,21435434.0,70457660.0,3.25,3.29
2019-05-16,3.28,3.32,3.33,3.28,18480071.0,61205912.0,3.3,3.31
2019-05-17,3.34,3.26,3.34,3.24,31405253.0,102894643.0,3.32,3.28
2019-05-20,3.25,3.23,3.26,3.2,16873191.0,54488349.0,3.26,3.23
2019-05-21,3.22,3.27,3.28,3.21,14385540.0,46896223.0,3.23,3.26
2019-05-22,3.28,3.25,3.28,3.24,12628968.0,41071641.0,3.27,3.25
2019-05-23,3.25,3.23,3.26,3.2,11810007.0,38139938.0,3.25,3.23
2019-05-24,3.21,3.21,3.25,3.2,11115604.0,35765319.0,3.23,3.22
2019-05-27,3.21,3.25,3.26,3.2,13815513.0,44623077.0,3.21,3.23
2019-05-28,3.25,3.25,3.27,3.23,12057631.0,39250882.0,3.25,3.26
2019-05-29,3.25,3.32,3.33,3.23,26801322.0,88380904.0,3.25,3.3
2019-05-30,3.3,3.45,3.48,3.29,43123999.0,147269753.0,3.32,3.41
2019-05-31,3.44,3.46,3.47,3.41,24750627.0,85314422.0,3.45,3.45
2019-06-03,3.45,3.48,3.51,3.44,26861741.0,93419329.0,3.46,3.48
2019-06-04,3.48,3.43,3.5,3.42,22639029.0,78027130.0,3.48,3.45
2019-06-05,3.46,3.44,3.47,3.43,15462617.0,53353090.0,3.43,3.45
2019-06-06,3.44,3.42,3.45,3.42,17651476.0,60616054.0,3.44,3.43
2019-06-10,3.44,3.5,3.51,3.44,28718654.0,100083423.0,3.42,3.48
2019-06-11,3.49,3.56,3.57,3.49,34690539.0,123206234.0,3.5,3.55
2019-06-12,3.56,3.53,3.56,3.5,19801531.0,69742720.0,3.56,3.52
2019-06-13,3.53,3.52,3.53,3.49,17273635.0,60642323.0,3.53,3.51
2019-06-14,3.52,3.5,3.54,3.49,15786846.0,55459804.0,3.52,3.51
2019-06-17,3.49,3.49,3.52,3.48,13008441.0,45494249.0,3.5,3.5
2019-06-18,3.5,3.46,3.5,3.44,18211799.0,63178840.0,3.49,3.47
2019-06-19,3.52,3.47,3.54,3.47,23565801.0,82337370.0,3.46,3.49
2019-06-20,3.45,3.48,3.53,3.44,40780304.0,141884144.0,3.47,3.48
2019-06-21,3.49,3.47,3.5,3.45,39750380.0,137992935.0,3.48,3.47
2019-06-24,3.49,3.5,3.5,3.46,25811306.0,89837638.0,3.47,3.48
2019-06-25,3.49,3.46,3.49,3.44,32549734.0,112698207.0,3.5,3.46
2019-06-26,3.44,3.49,3.5,3.44,18904120.0,65695113.0,3.46,3.48
2019-06-27,3.5,3.52,3.53,3.49,33216026.0,116604291.0,3.49,3.51
2019-06-28,3.53,3.49,3.55,3.49,19631366.0,68734620.0,3.52,3.5
2019-07-01,3.53,3.52,3.55,3.49,38174056.0,134151374.0,3.49,3.51
2019-07-02,3.51,3.53,3.53,3.47,38045875.0,133637177.0,3.52,3.51
2019-07-03,3.52,3.6,3.6,3.51,53072439.0,189397675.0,3.53,3.57
2019-07-04,3.59,3.66,3.68,3.58,55858583.0,203636106.0,3.6,3.65
2019-07-05,3.76,3.68,3.76,3.6,57516842.0,211032851.0,3.66,3.67
2019-07-08,3.67,3.61,3.68,3.57,41286422.0,149049727.0,3.68,3.61
2019-07-09,3.6,3.63,3.65,3.59,19056911.0,69078410.0,3.61,3.63
2019-07-10,3.65,3.72,3.76,3.61,46170367.0,170730563.0,3.63,3.7
2019-07-11,3.74,3.76,3.82,3.71,39508043.0,148542984.0,3.72,3.76
2019-07-12,3.78,3.74,3.79,3.73,24696719.0,92664162.0,3.76,3.75
2019-07-15,3.76,3.8,3.8,3.73,39251555.0,148410690.0,3.74,3.78
2019-07-16,3.82,3.92,3.93,3.81,62958641.0,245618042.0,3.8,3.9
2019-07-17,3.94,3.92,3.95,3.87,44967092.0,175610683.0,3.92,3.91
2019-07-18,3.91,3.9,3.93,3.86,29948316.0,116723985.0,3.92,3.9
2019-07-19,3.91,4.02,4.03,3.91,63998931.0,255436496.0,3.9,3.99
2019-07-22,4.0,4.08,4.11,3.97,65439014.0,265004465.0,4.02,4.05
2019-07-23,4.07,4.18,4.2,4.07,64864863.0,268891209.0,4.08,4.15
2019-07-24,4.19,4.08,4.23,4.07,84067788.0,347993467.0,4.18,4.14
2019-07-25,4.08,4.09,4.09,4.01,87660183.0,355145281.0,4.08,4.05
2019-07-26,4.08,4.21,4.23,4.06,85408378.0,356564222.0,4.09,4.17
2019-07-29,4.21,4.24,4.29,4.19,47823099.0,202666135.0,4.21,4.24
2019-07-30,4.24,4.28,4.32,4.24,45992137.0,197109531.0,4.24,4.29
2019-07-31,4.28,4.2,4.29,4.19,52113893.0,220128958.0,4.28,4.22
2019-08-01,4.19,4.2,4.26,4.18,46327215.0,195595464.0,4.2,4.22
2019-08-02,4.16,4.24,4.24,4.08,56505731.0,235553228.0,4.2,4.17
2019-08-05,4.23,4.09,4.27,4.08,62793848.0,262121332.0,4.24,4.17
2019-08-06,4.03,4.03,4.12,4.0,90139052.0,365112543.0,4.09,4.05
2019-08-07,4.08,4.0,4.09,4.0,46095709.0,185736193.0,4.03,4.03
2019-08-08,4.0,4.01,4.05,3.97,38590669.0,155073362.0,4.0,4.02
2019-08-09,4.06,4.05,4.12,4.03,37888900.0,153968234.0,4.01,4.06
2019-08-12,4.02,4.06,4.08,4.01,29008733.0,117227729.0,4.05,4.04
2019-08-13,4.04,4.02,4.06,4.0,22197705.0,89309318.0,4.06,4.02
2019-08-14,4.06,4.02,4.07,4.01,24624965.0,99553950.0,4.02,4.04
2019-08-15,3.98,4.05,4.06,3.96,26146179.0,104951025.0,4.02,4.01
2019-08-16,4.06,4.09,4.11,4.02,35880964.0,145864749.0,4.05,4.07
2019-08-19,4.12,4.26,4.27,4.1,58604618.0,246618843.0,4.09,4.21
2019-08-20,4.25,4.29,4.35,4.23,53056611.0,228198237.0,4.26,4.3
2019-08-21,4.31,4.28,4.34,4.26,42796879.0,184053473.0,4.29,4.3
2019-08-22,4.31,4.26,4.32,4.21,40479846.0,172640273.0,4.28,4.27
2019-08-23,4.4,4.19,4.4,4.14,115025625.0,490434728.0,4.26,4.26
2019-08-26,4.11,4.24,4.29,4.08,91635809.0,385385651.0,4.19,4.21
2019-08-27,4.26,4.31,4.32,4.24,59073543.0,253637814.0,4.24,4.29
2019-08-28,4.32,4.29,4.33,4.24,38625355.0,165805846.0,4.31,4.29
2019-08-29,4.29,4.17,4.31,4.14,61855638.0,260675868.0,4.29,4.21
2019-08-30,4.2,4.05,4.2,4.03,77729448.0,318404172.0,4.17,4.1
2019-09-02,4.07,4.07,4.18,4.02,68324351.0,280228520.0,4.05,4.1
2019-09-03,4.08,4.13,4.14,4.06,46523275.0,191413023.0,4.07,4.11
2019-09-04,4.14,4.05,4.14,4.02,62796309.0,254503311.0,4.13,4.05
2019-09-05,4.08,4.04,4.08,4.01,63027416.0,255129119.0,4.05,4.05
2019-09-06,4.04,4.07,4.1,4.02,56561565.0,229759821.0,4.04,4.06
2019-09-09,4.08,4.04,4.09,4.01,56703794.0,229141810.0,4.07,4.04
2019-09-10,4.04,4.04,4.06,4.0,34763960.0,140284773.0,4.04,4.04
2019-09-11,4.05,4.01,4.06,4.0,39353680.0,157992350.0,4.04,4.01
2019-09-12,4.0,3.97,4.01,3.95,42649909.0,169175114.0,4.01,3.97
2019-09-16,3.97,3.99,4.01,3.92,45521238.0,181165331.0,3.97,3.98
2019-09-17,3.98,3.94,4.0,3.93,40363641.0,160297985.0,3.99,3.97
2019-09-18,3.96,3.89,3.97,3.88,44556910.0,174706530.0,3.94,3.92
2019-09-19,3.91,3.86,3.92,3.82,41247646.0,159079457.0,3.89,3.86
2019-09-20,3.86,3.99,4.03,3.85,62492155.0,247780295.0,3.86,3.97
2019-09-23,4.0,3.97,4.02,3.93,57158478.0,227283223.0,3.99,3.98
2019-09-24,3.97,3.93,3.98,3.92,42784489.0,168632541.0,3.97,3.94
2019-09-25,3.94,3.91,3.96,3.91,30319458.0,119105343.0,3.93,3.93
2019-09-26,3.93,3.87,3.93,3.83,35481582.0,137599691.0,3.91,3.88
2019-09-27,3.88,3.77,3.88,3.76,39759163.0,151388447.0,3.87,3.81
2019-09-30,3.76,3.76,3.83,3.76,21903368.0,82954969.0,3.77,3.79
2019-10-08,3.76,3.79,3.81,3.76,18355028.0,69563635.0,3.76,3.79
2019-10-09,3.78,3.91,3.92,3.75,41463456.0,160289389.0,3.79,3.87
2019-10-10,3.9,4.0,4.03,3.9,48639496.0,194136771.0,3.91,3.99
2019-10-11,3.99,4.0,4.03,3.97,28172561.0,112389718.0,4.0,3.99
2019-10-14,4.0,3.94,4.02,3.92,47791479.0,189362354.0,4.0,3.96
2019-10-15,3.94,3.93,3.96,3.92,23823875.0,93929526.0,3.94,3.94
2019-10-16,3.93,3.95,3.96,3.91,23424308.0,92237169.0,3.93,3.94
2019-10-17,3.93,3.92,3.95,3.9,19506414.0,76569783.0,3.95,3.93
2019-10-18,3.92,3.8,3.93,3.77,42813504.0,164213719.0,3.92,3.84
2019-10-21,3.8,3.79,3.84,3.76,25863948.0,97992365.0,3.8,3.79
2019-10-22,3.82,3.92,3.92,3.81,32790745.0,126784056.0,3.79,3.87
2019-10-23,3.92,3.86,3.95,3.83,31568675.0,122788940.0,3.92,3.89
2019-10-24,3.85,3.85,3.88,3.83,21145946.0,81488088.0,3.86,3.85
2019-10-25,3.84,3.91,3.92,3.84,21100483.0,81894562.0,3.85,3.88
2019-10-28,3.9,3.92,3.93,3.89,20542543.0,80383489.0,3.91,3.91
2019-10-29,4.02,3.98,4.07,3.95,53240368.0,212753915.0,3.92,4.0
2019-10-30,3.98,4.03,4.03,3.96,39931911.0,159808152.0,3.98,4.0
2019-10-31,4.06,3.96,4.06,3.96,35108046.0,140497475.0,4.03,4.0
2019-11-01,3.95,4.04,4.11,3.92,60411951.0,242541768.0,3.96,4.01
2019-11-04,4.05,4.03,4.06,4.0,41961747.0,168705994.0,4.04,4.02
2019-11-05,4.04,4.0,4.04,3.96,41350690.0,165118209.0,4.03,3.99
2019-11-06,4.0,3.99,4.01,3.97,25971449.0,103699132.0,4.0,3.99
2019-11-07,3.98,3.95,4.0,3.94,27781155.0,110175811.0,3.99,3.97
2019-11-08,3.95,3.97,3.99,3.95,23409140.0,92927358.0,3.95,3.97
2019-11-11,3.96,3.85,3.98,3.85,35206927.0,136960807.0,3.97,3.89
2019-11-12,3.86,3.88,3.9,3.84,17688425.0,68395802.0,3.85,3.87
2019-11-13,3.88,3.88,3.9,3.84,22553628.0,87279507.0,3.88,3.87
2019-11-14,3.87,3.85,3.89,3.84,21928821.0,84586524.0,3.88,3.86
2019-11-15,3.85,3.81,3.87,3.8,19438017.0,74338187.0,3.85,3.82
2019-11-18,3.8,3.79,3.81,3.77,21937586.0,83155008.0,3.81,3.79
2019-11-19,3.79,3.8,3.82,3.76,28885201.0,109606823.0,3.79,3.79
2019-11-20,3.79,3.76,3.79,3.75,20495782.0,77335239.0,3.8,3.77
2019-11-21,3.74,3.73,3.74,3.68,30021609.0,111489591.0,3.76,3.71
2019-11-22,3.73,3.72,3.76,3.7,20815832.0,77650226.0,3.73,3.73
2019-11-25,3.72,3.76,3.76,3.7,23170536.0,86536074.0,3.72,3.73
2019-11-26,3.76,3.77,3.8,3.76,22448719.0,84795667.0,3.76,3.78
2019-11-27,3.77,3.77,3.79,3.76,14908981.0,56233058.0,3.77,3.77
2019-11-28,3.77,3.74,3.77,3.71,14836149.0,55501393.0,3.77,3.74
2019-11-29,3.73,3.71,3.74,3.68,17108183.0,63465335.0,3.74,3.71
2019-12-02,3.71,3.79,3.8,3.7,34339796.0,129536395.0,3.71,3.77
2019-12-03,3.8,3.86,3.86,3.77,35121412.0,134223733.0,3.79,3.82
2019-12-04,3.84,3.86,3.91,3.84,27396713.0,106111843.0,3.86,3.87
2019-12-05,3.86,3.87,3.91,3.85,21859674.0,84870991.0,3.86,3.88
2019-12-06,3.88,3.85,3.9,3.83,21486255.0,82777157.0,3.87,3.85
2019-12-09,3.86,3.84,3.87,3.81,26111227.0,100002237.0,3.85,3.83
2019-12-10,3.83,3.84,3.86,3.82,23083718.0,88633104.0,3.84,3.84
2019-12-11,3.85,3.82,3.85,3.78,28835678.0,110076962.0,3.84,3.82
2019-12-12,3.82,3.79,3.84,3.78,24182238.0,91835570.0,3.82,3.8
2019-12-13,3.81,3.81,3.83,3.78,57550065.0,218698478.0,3.79,3.8
2019-12-16,3.81,3.89,3.9,3.8,47775866.0,183684975.0,3.81,3.84
2019-12-17,3.88,3.89,3.91,3.85,38291278.0,148666987.0,3.89,3.88
2019-12-18,3.9,3.84,3.9,3.83,34712570.0,133878378.0,3.89,3.86
2019-12-19,3.83,3.84,3.85,3.82,31512558.0,120627828.0,3.84,3.83
2019-12-20,3.84,3.78,3.84,3.77,44689876.0,169783012.0,3.84,3.8
2019-12-23,3.78,3.74,3.79,3.74,32345761.0,121595619.0,3.78,3.76
2019-12-24,3.75,3.74,3.76,3.72,30607176.0,114360646.0,3.74,3.74
2019-12-25,3.73,3.73,3.75,3.71,20898728.0,77890272.0,3.74,3.73
2019-12-26,3.73,3.76,3.76,3.72,24689274.0,92488769.0,3.73,3.75
2019-12-27,3.76,3.76,3.77,3.75,33267201.0,125038863.0,3.76,3.76
2019-12-30,3.76,3.76,3.76,3.69,33694354.0,125867247.66,3.76,3.74
2019-12-31,3.76,3.75,3.79,3.74,36757925.0,138134372.92,3.76,3.76
2020-01-02,3.76,3.78,3.78,3.76,58088413.0,218892353.28,3.75,3.77
2020-01-03,3.77,3.76,3.79,3.75,38193871.0,143843292.53,3.78,3.77
2020-01-06,3.76,3.73,3.76,3.72,58009263.0,216728657.44,3.76,3.74
2020-01-07,3.74,3.76,3.78,3.73,43946924.0,165160417.88,3.73,3.76
2020-01-08,3.76,3.71,3.76,3.7,49180452.0,183107564.94,3.76,3.72
2020-01-09,3.73,3.72,3.74,3.7,42121761.0,156457142.97,3.71,3.71
2020-01-10,3.71,3.71,3.72,3.69,28561404.0,105803122.1,3.72,3.7
2020-01-13,3.69,3.71,3.72,3.68,33894256.0,125345766.35,3.71,3.7
2020-01-14,3.72,3.71,3.72,3.7,30569491.0,113478851.12,3.71,3.71
2020-01-15,3.7,3.69,3.71,3.68,23295562.0,86004613.18,3.71,3.69
2020-01-16,3.68,3.66,3.7,3.66,26646597.0,97839721.34,3.69,3.67
2020-01-17,3.66,3.63,3.67,3.63,24630428.0,89865122.29,3.66,3.65
2020-01-20,3.63,3.63,3.64,3.61,35745817.0,129638120.27,3.63,3.63
2020-01-21,3.63,3.59,3.63,3.58,42744720.0,153654157.48,3.63,3.59
2020-01-22,3.58,3.57,3.59,3.52,43770765.0,155666452.86,3.59,3.56
2020-01-23,3.56,3.52,3.57,3.5,38227191.0,135091377.6,3.57,3.53
2020-02-03,3.21,3.36,3.38,3.19,122292760.0,401419868.65,3.52,3.28
2020-02-04,3.33,3.46,3.52,3.31,76249053.0,262235040.74,3.36,3.44
2020-02-05,3.46,3.46,3.5,3.43,50775341.0,176175863.57,3.46,3.47
2020-02-06,3.48,3.5,3.52,3.45,51627939.0,179981327.31,3.46,3.49
2020-02-07,3.49,3.5,3.51,3.46,35025327.0,121771500.97,3.5,3.48
2020-02-10,3.48,3.48,3.5,3.45,39181094.0,136070135.69,3.5,3.47
2020-02-11,3.49,3.47,3.49,3.45,27099242.0,94172081.07,3.48,3.48
2020-02-12,3.45,3.46,3.47,3.44,31294282.0,107993690.01,3.47,3.45
2020-02-13,3.46,3.38,3.46,3.38,58502174.0,199511974.2,3.46,3.41
2020-02-14,3.37,3.42,3.43,3.37,32885823.0,111772602.13,3.38,3.4
2020-02-17,3.41,3.5,3.51,3.4,37431466.0,129922673.04,3.42,3.47
2020-02-18,3.5,3.53,3.57,3.48,32919249.0,116133415.64,3.5,3.53
2020-02-19,3.52,3.47,3.53,3.47,38237916.0,133745584.55,3.53,3.5
2020-02-20,3.47,3.49,3.5,3.44,28962253.0,100384869.28,3.47,3.47
2020-02-21,3.48,3.45,3.49,3.44,41175180.0,142486159.26,3.49,3.46
2020-02-24,3.45,3.42,3.45,3.4,44111618.0,150715006.24,3.45,3.42
2020-02-25,3.36,3.36,3.39,3.34,48538517.0,163261610.14,3.42,3.36
2020-02-26,3.34,3.4,3.43,3.33,45747375.0,154890874.18,3.36,3.39
2020-02-27,3.39,3.36,3.41,3.36,29691336.0,100322591.29,3.4,3.38
2020-02-28,3.32,3.28,3.35,3.26,67414664.0,222089057.68,3.36,3.29
2020-03-02,3.29,3.34,3.36,3.29,40403803.0,134752347.57,3.28,3.33
2020-03-03,3.36,3.36,3.39,3.35,35481103.0,119396687.92,3.34,3.36
2020-03-04,3.34,3.43,3.44,3.34,49100804.0,167259587.86,3.36,3.41
2020-03-05,3.45,3.5,3.51,3.44,55276585.0,192437226.9,3.43,3.48
2020-03-06,3.47,3.46,3.49,3.44,35161281.0,121692804.86,3.5,3.46
2020-03-09,3.42,3.36,3.43,3.34,54775994.0,184477169.46,3.46,3.37
2020-03-10,3.32,3.44,3.44,3.32,51153058.0,173113804.11,3.36,3.38
2020-03-11,3.43,3.38,3.44,3.38,30831201.0,105091610.1,3.44,3.41
2020-03-12,3.37,3.33,3.38,3.31,29043099.0,96933593.87,3.38,3.34
2020-03-13,3.24,3.28,3.29,3.21,53495456.0,174042375.69,3.33,3.25
2020-03-16,3.29,3.21,3.29,3.2,38874034.0,126279121.17,3.28,3.25
2020-03-17,3.21,3.17,3.24,3.13,42865508.0,136386518.79,3.21,3.18
2020-03-18,3.18,3.12,3.23,3.11,35817631.0,113867100.56,3.17,3.18
2020-03-19,3.12,3.06,3.13,3.02,44039358.0,135197756.8,3.12,3.07
2020-03-20,3.08,3.18,3.18,3.06,43604991.0,136176236.07,3.06,3.12
2020-03-23,3.11,3.16,3.2,3.09,33180063.0,104460310.62,3.18,3.15
2020-03-24,3.2,3.23,3.23,3.17,39297958.0,126128401.1,3.16,3.21
2020-03-25,3.28,3.26,3.29,3.23,31092446.0,101221283.7,3.23,3.26
2020-03-26,3.25,3.22,3.25,3.22,16758078.0,54189282.25,3.26,3.23
2020-03-27,3.24,3.23,3.27,3.23,18355490.0,59557533.96,3.22,3.25
2020-03-30,3.21,3.25,3.26,3.18,22519860.0,72676591.0,3.23,3.23
2020-03-31,3.26,3.23,3.27,3.22,20757813.0,67393771.0,3.25,3.25
2020-04-01,3.23,3.16,3.24,3.14,34698847.0,110645105.9,3.23,3.19
2020-04-02,3.14,3.21,3.21,3.13,21469668.0,68103234.41,3.16,3.17
2020-04-03,3.21,3.2,3.21,3.18,15531958.0,49629481.4,3.21,3.2
2020-04-07,3.22,3.24,3.26,3.21,30056428.0,97346786.36,3.2,3.24
2020-04-08,3.2,3.27,3.27,3.19,33477711.0,108057879.46,3.24,3.23
2020-04-09,3.29,3.24,3.29,3.23,21903881.0,71403847.65,3.27,3.26
2020-04-10,3.23,3.23,3.26,3.22,22409774.0,72447027.0,3.24,3.23
2020-04-13,3.22,3.2,3.22,3.18,23885869.0,76352973.12,3.23,3.2
2020-04-14,3.21,3.2,3.21,3.17,29636139.0,94399703.43,3.2,3.19
2020-04-15,3.2,3.15,3.21,3.13,33821903.0,107390265.0,3.2,3.17
2020-04-16,3.15,3.17,3.18,3.13,27116964.0,85667145.42,3.15,3.16
2020-04-17,3.16,3.13,3.17,3.13,33855013.0,106613964.56,3.17,3.15
2020-04-20,3.13,3.15,3.15,3.11,22097384.0,69283998.49,3.13,3.14
2020-04-21,3.13,3.11,3.14,3.09,24728818.0,76960116.51,3.15,3.11
2020-04-22,3.1,3.14,3.14,3.09,17722998.0,55218879.94,3.11,3.12
2020-04-23,3.15,3.16,3.18,3.13,21216559.0,66997982.44,3.14,3.16
2020-04-24,3.16,3.15,3.17,3.13,15938691.0,50264552.25,3.16,3.15
2020-04-27,3.15,3.16,3.21,3.15,36983056.0,117440786.79,3.15,3.18
2020-04-28,3.16,3.11,3.17,3.09,33025330.0,102925554.19,3.16,3.12
2020-04-29,3.11,3.12,3.13,3.1,23973696.0,74597384.5,3.11,3.11
2020-04-30,3.12,3.15,3.18,3.12,31643497.0,99776892.61,3.12,3.15
2020-05-06,3.14,3.16,3.17,3.14,33803793.0,106619200.8,3.15,3.15
2020-05-07,3.16,3.15,3.18,3.14,27954403.0,88293262.06,3.16,3.16
2020-05-08,3.16,3.16,3.17,3.14,25376348.0,80104589.46,3.15,3.16
2020-05-11,3.17,3.21,3.21,3.16,33003333.0,105238287.24,3.16,3.19
2020-05-12,3.21,3.19,3.21,3.18,20325380.0,64838225.06,3.21,3.19
2020-05-13,3.18,3.2,3.21,3.16,21440138.0,68330400.02,3.19,3.19
2020-05-14,3.2,3.2,3.21,3.17,19410632.0,61839406.0,3.2,3.19
2020-05-15,3.19,3.17,3.21,3.16,23181448.0,73740919.48,3.2,3.18
2020-05-18,3.18,3.18,3.2,3.16,23535284.0,74881704.57,3.17,3.18
2020-05-19,3.2,3.19,3.21,3.18,23371381.0,74509437.89,3.18,3.19
2020-05-20,3.19,3.16,3.19,3.16,15456376.0,49080703.0,3.19,3.18
2020-05-21,3.18,3.14,3.18,3.14,14141633.0,44662441.0,3.16,3.16
2020-05-22,3.14,3.1,3.15,3.09,21110236.0,65731451.0,3.14,3.11
2020-05-25,3.1,3.11,3.13,3.09,18416993.0,57236134.06,3.1,3.11
2020-05-26,3.12,3.13,3.13,3.11,12161393.0,37853637.5,3.11,3.11
2020-05-27,3.12,3.12,3.13,3.1,10446654.0,32465371.0,3.13,3.11
2020-05-28,3.12,3.13,3.15,3.11,14204897.0,44458762.4,3.12,3.13
2020-05-29,3.13,3.19,3.2,3.12,27974698.0,88652250.04,3.13,3.17
2020-06-01,3.2,3.29,3.3,3.19,50512600.0,165059506.27,3.19,3.27
2020-06-02,3.29,3.3,3.35,3.28,32641117.0,108334719.08,3.29,3.32
2020-06-03,3.32,3.28,3.33,3.27,18627428.0,61299393.7,3.3,3.29
2020-06-04,3.29,3.26,3.29,3.24,13072855.0,42617392.12,3.28,3.26
2020-06-05,3.28,3.27,3.28,3.25,9525020.0,31134486.35,3.26,3.27
2020-06-08,3.27,3.29,3.29,3.25,17184095.0,56186398.54,3.27,3.27
2020-06-09,3.28,3.29,3.3,3.28,18238744.0,59959860.78,3.29,3.29
2020-06-10,3.3,3.27,3.3,3.26,14789417.0,48484722.46,3.29,3.28
2020-06-11,3.27,3.2,3.28,3.19,35826140.0,115497395.64,3.27,3.22
2020-06-12,3.18,3.22,3.22,3.16,31959006.0,101888426.38,3.2,3.19
2020-06-15,3.23,3.2,3.24,3.2,22721766.0,72979936.8,3.22,3.21
2020-06-16,3.21,3.22,3.23,3.21,14603883.0,47000870.14,3.2,3.22
2020-06-17,3.22,3.26,3.27,3.21,24034070.0,77831104.29,3.22,3.24
2020-06-18,3.27,3.25,3.29,3.22,43930208.0,143039586.3,3.26,3.26
2020-06-19,3.27,3.25,3.28,3.24,32396895.0,105507263.31,3.25,3.26
2020-06-22,3.26,3.26,3.28,3.22,22736996.0,73880294.01,3.25,3.25
2020-06-23,3.25,3.27,3.28,3.24,14789030.0,48245594.75,3.26,3.26
2020-06-24,3.27,3.38,3.38,3.27,47689027.0,159677185.52,3.27,3.35
2020-06-29,3.37,3.5,3.57,3.36,97707521.0,339525399.87,3.38,3.47
2020-06-30,3.54,3.51,3.55,3.47,36406299.0,127720548.34,3.5,3.51
2020-07-01,3.51,3.5,3.53,3.44,33004967.0,114518552.9,3.51,3.47
2020-07-02,3.49,3.59,3.59,3.49,51954635.0,185058674.42,3.5,3.56
2020-07-03,3.61,3.57,3.66,3.55,55864324.0,200952243.39,3.59,3.6
2020-07-06,3.59,3.68,3.7,3.58,83158701.0,304477248.32,3.57,3.66
2020-07-07,3.68,3.61,3.74,3.61,82339886.0,301750654.07,3.68,3.66
2020-07-08,3.61,3.76,3.76,3.59,98384452.0,363385127.75,3.61,3.69
2020-07-09,3.77,3.76,3.78,3.68,70611839.0,262915877.42,3.76,3.72
2020-07-10,3.73,3.65,3.73,3.62,50216487.0,185099456.72,3.76,3.69
2020-07-13,3.66,3.72,3.74,3.66,57573405.0,213603202.36,3.65,3.71
2020-07-14,3.72,3.77,3.81,3.63,81618753.0,302650145.94,3.72,3.71
2020-07-15,3.76,3.72,3.84,3.71,61935813.0,233437226.13,3.77,3.77
2020-07-16,3.74,3.57,3.76,3.54,65627467.0,238848822.62,3.72,3.64
2020-07-17,3.59,3.59,3.62,3.56,32072852.0,115244963.02,3.57,3.59
2020-07-20,3.6,3.69,3.73,3.6,66206111.0,243438762.69,3.59,3.68
2020-07-21,3.68,3.67,3.71,3.65,31909960.0,117034246.13,3.69,3.67
2020-07-22,3.66,3.64,3.68,3.63,31568134.0,115396899.46,3.67,3.66
2020-07-23,3.63,3.56,3.64,3.51,61498087.0,219039737.63,3.64,3.56
2020-07-24,3.55,3.45,3.56,3.43,44856724.0,156890089.23,3.56,3.5
2020-07-27,3.47,3.49,3.5,3.44,22978644.0,79693468.08,3.45,3.47
2020-07-28,3.51,3.5,3.54,3.48,27785530.0,97480302.26,3.49,3.51
2020-07-29,3.52,3.52,3.53,3.44,32427367.0,113268777.94,3.5,3.49
2020-07-30,3.52,3.49,3.55,3.47,30448733.0,106522739.07,3.52,3.5
2020-07-31,3.48,3.54,3.57,3.47,38203479.0,134633827.61,3.49,3.52
2020-08-03,3.56,3.55,3.57,3.51,36210218.0,128183028.65,3.54,3.54
2020-08-04,3.54,3.51,3.56,3.48,46814332.0,164250437.05,3.55,3.51
2020-08-05,3.52,3.51,3.53,3.49,28376125.0,99430179.28,3.51,3.5
2020-08-06,3.51,3.47,3.52,3.47,26641130.0,92784076.58,3.51,3.48
2020-08-07,3.47,3.56,3.65,3.45,79335180.0,281162389.18,3.47,3.54
2020-08-10,3.58,3.56,3.58,3.52,32499457.0,115240154.84,3.56,3.55
2020-08-11,3.56,3.53,3.59,3.53,36764655.0,130787374.11,3.56,3.56
2020-08-12,3.53,3.56,3.6,3.51,37525529.0,133509844.12,3.53,3.56
2020-08-13,3.56,3.57,3.59,3.56,17935955.0,64212400.31,3.56,3.58
2020-08-14,3.57,3.63,3.65,3.56,30222897.0,109041806.98,3.57,3.61
2020-08-17,3.64,3.67,3.68,3.63,31315085.0,114851844.23,3.63,3.67
2020-08-18,3.68,3.68,3.72,3.64,27761308.0,102444332.07,3.67,3.69
2020-08-19,3.69,3.83,3.86,3.68,106427520.0,403754029.06,3.68,3.79
2020-08-20,3.81,3.71,3.86,3.71,61612372.0,231562975.58,3.83,3.76
2020-08-21,3.74,3.74,3.75,3.71,27142339.0,101247430.74,3.71,3.73
2020-08-24,3.76,3.69,3.78,3.68,33203182.0,123494541.59,3.74,3.72
2020-08-25,3.71,3.72,3.76,3.68,32327017.0,120126528.83,3.69,3.72
2020-08-26,3.76,3.68,3.76,3.68,24310642.0,90058662.68,3.72,3.7
2020-08-27,3.68,3.74,3.79,3.68,33249595.0,124437671.59,3.68,3.74
2020-08-28,3.74,3.75,3.77,3.72,19454343.0,72847567.88,3.74,3.74
2020-08-31,3.75,3.77,3.8,3.75,27197999.0,102797230.72,3.75,3.78
2020-09-01,3.78,3.76,3.81,3.72,37132271.0,139298381.65,3.77,3.75
2020-09-02,3.79,3.82,3.9,3.76,77873115.0,298807793.15,3.76,3.84
2020-09-03,3.82,3.82,3.86,3.8,35843715.0,137068915.63,3.82,3.82
2020-09-04,3.78,3.79,3.84,3.77,36082951.0,137003384.16,3.82,3.8
2020-09-07,3.8,3.75,3.82,3.75,40869726.0,154578949.14,3.79,3.78
2020-09-08,3.78,3.88,3.91,3.75,75801432.0,292814384.63,3.75,3.86
2020-09-09,3.88,3.88,3.93,3.85,45051700.0,175378375.4,3.88,3.89
2020-09-10,3.88,3.86,3.92,3.84,38210555.0,148217865.45,3.88,3.88
2020-09-11,3.83,3.85,3.89,3.82,30420759.0,117184641.74,3.86,3.85
2020-09-14,3.87,3.93,3.94,3.82,51147839.0,199038821.63,3.85,3.89
2020-09-15,3.94,3.93,3.97,3.9,35898834.0,141379658.12,3.93,3.94
2020-09-16,3.94,3.97,4.04,3.92,48862432.0,194305088.42,3.93,3.98
2020-09-17,3.97,3.91,4.01,3.89,45228424.0,177867815.66,3.97,3.93
2020-09-18,3.93,3.93,3.94,3.9,34582889.0,135599732.12,3.91,3.92
2020-09-21,3.95,4.0,4.02,3.92,45765781.0,181960624.78,3.93,3.98
2020-09-22,3.99,3.87,4.0,3.85,51136846.0,200604501.56,4.0,3.92
2020-09-23,3.9,3.91,3.95,3.87,26839601.0,105123641.45,3.87,3.92
2020-09-24,3.9,3.81,3.91,3.8,39546001.0,151365885.61,3.91,3.83
2020-09-25,3.82,3.72,3.85,3.69,59534413.0,222657250.72,3.81,3.74
2020-09-28,3.75,3.74,3.81,3.71,25759153.0,96587551.99,3.72,3.75
2020-09-29,3.75,3.94,3.96,3.74,83580777.0,322287194.02,3.74,3.86
2020-09-30,3.94,3.86,3.98,3.84,50983043.0,199297438.89,3.94,3.91
2020-10-09,3.9,3.93,3.96,3.87,41129756.0,161135296.7,3.86,3.92
2020-10-12,3.91,3.87,3.93,3.85,86168824.0,334016730.28,3.93,3.88
2020-10-13,3.87,3.9,3.93,3.84,31563679.0,122840044.15,3.87,3.89
2020-10-14,3.9,3.85,3.91,3.83,35119125.0,135832024.54,3.9,3.87
2020-10-15,3.87,3.81,3.87,3.78,32421697.0,123522373.72,3.85,3.81
2020-10-16,3.81,3.8,3.83,3.79,17877195.0,68019056.9,3.81,3.81
2020-10-19,3.82,3.79,3.83,3.78,26708261.0,101565950.34,3.8,3.8
2020-10-20,3.79,3.8,3.8,3.76,21782126.0,82246544.62,3.79,3.78
2020-10-21,3.8,3.81,3.83,3.78,19057749.0,72530527.87,3.8,3.81
2020-10-22,3.79,3.79,3.81,3.77,15584890.0,59072469.95,3.81,3.79
2020-10-23,3.8,3.81,3.82,3.78,18718144.0,71128100.17,3.79,3.8
2020-10-26,3.8,3.79,3.81,3.76,20036346.0,75755388.49,3.81,3.78
2020-10-27,3.81,3.8,3.81,3.78,13157235.0,49854375.01,3.79,3.79
2020-10-28,3.78,3.82,3.83,3.78,19204835.0,73050335.37,3.8,3.8
2020-10-29,3.85,3.85,3.88,3.81,79376218.0,305693577.95,3.82,3.85
2020-10-30,3.86,3.81,3.9,3.79,60112352.0,231418784.87,3.85,3.85
2020-11-02,3.81,3.82,3.83,3.79,26797501.0,102272870.32,3.81,3.82
2020-11-03,3.85,3.81,3.85,3.81,33139677.0,126585310.36,3.82,3.82
2020-11-04,3.81,3.78,3.82,3.77,23640574.0,89415835.82,3.81,3.78
2020-11-05,3.78,3.78,3.8,3.74,49043034.0,185042813.31,3.78,3.77
2020-11-06,3.78,3.81,3.83,3.77,30926531.0,117692044.51,3.78,3.81
2020-11-09,3.81,3.83,3.84,3.8,53426591.0,204231722.96,3.81,3.82
2020-11-10,3.84,3.89,3.9,3.83,62838520.0,243372894.81,3.83,3.87
2020-11-11,3.89,3.93,3.95,3.84,52534700.0,205068891.06,3.89,3.9
2020-11-12,3.92,3.9,3.94,3.88,22867083.0,89327506.87,3.93,3.91
2020-11-13,3.89,3.85,3.91,3.84,24671919.0,95191673.8,3.9,3.86
2020-11-16,3.84,3.9,3.91,3.84,25485526.0,99080695.06,3.85,3.89
2020-11-17,3.9,3.91,3.93,3.88,31589206.0,123462398.64,3.9,3.91
2020-11-18,3.93,3.93,3.94,3.9,29507293.0,115759156.15,3.91,3.92
2020-11-19,3.93,3.93,3.94,3.9,24749758.0,97161319.04,3.93,3.93
2020-11-20,3.94,4.0,4.01,3.93,39276068.0,155992064.57,3.93,3.97
2020-11-23,4.0,4.05,4.05,4.0,46218256.0,186320336.48,4.0,4.03
2020-11-24,4.05,3.98,4.05,3.96,40412868.0,161263650.32,4.05,3.99
2020-11-25,3.99,4.03,4.09,3.98,46198131.0,186938267.96,3.98,4.05
2020-11-26,4.03,4.11,4.12,3.96,52226166.0,211862744.56,4.03,4.06
2020-11-27,4.1,4.14,4.17,4.09,44318945.0,182620276.1,4.11,4.12
2020-11-30,4.14,4.27,4.34,4.12,71950623.0,305246945.51,4.14,4.24
2020-12-01,4.25,4.27,4.3,4.18,44819646.0,190274779.01,4.27,4.25
2020-12-02,4.27,4.17,4.28,4.14,44750767.0,187886303.38,4.27,4.2
2020-12-03,4.18,4.18,4.21,4.15,33835147.0,141625592.54,4.17,4.19
2020-12-04,4.2,4.21,4.22,4.17,25733524.0,107931541.46,4.18,4.19
2020-12-07,4.21,4.18,4.23,4.16,33611055.0,140822217.73,4.21,4.19
2020-12-08,4.18,4.12,4.18,4.1,29611247.0,122384318.33,4.18,4.13
2020-12-09,4.14,4.1,4.2,4.09,29901462.0,123945856.2,4.12,4.14
2020-12-10,4.1,4.05,4.14,4.03,29960706.0,121864295.12,4.1,4.07
2020-12-11,4.05,4.07,4.13,4.04,37174072.0,152003808.34,4.05,4.09
2020-12-14,4.07,4.23,4.29,4.07,63118008.0,264906749.41,4.07,4.2
2020-12-15,4.25,4.25,4.3,4.2,28246024.0,119921042.51,4.23,4.25
2020-12-16,4.25,4.23,4.28,4.19,19679506.0,83293688.02,4.25,4.23
2020-12-17,4.2,4.23,4.26,4.2,26567299.0,112186102.7,4.23,4.22
2020-12-18,4.23,4.18,4.31,4.18,30223685.0,127993847.53,4.23,4.23
2020-12-21,4.18,4.15,4.23,4.13,30343939.0,126647183.65,4.18,4.17
2020-12-22,4.15,4.06,4.15,4.05,35182653.0,144067516.36,4.15,4.09
2020-12-23,4.09,4.14,4.17,4.07,22220925.0,91405553.85,4.06,4.11
2020-12-24,4.16,4.11,4.16,4.09,18776205.0,77393608.94,4.14,4.12
2020-12-25,4.14,4.24,4.25,4.11,31793303.0,133403397.81,4.11,4.2
2020-12-28,4.25,4.2,4.29,4.18,35205042.0,148813952.87,4.24,4.23
2020-12-29,4.22,4.16,4.22,4.15,21371051.0,89064397.24,4.2,4.17
2020-12-30,4.15,4.14,4.18,4.13,18784146.0,77879332.54,4.16,4.15
2020-12-31,4.13,4.13,4.16,4.1,20849769.0,86052606.63,4.14,4.13
2021-01-04,4.12,4.14,4.16,4.1,29460341.0,121626906.71,4.13,4.13
2021-01-05,4.13,4.04,4.13,3.99,53046899.0,214399186.18,4.14,4.04
2021-01-06,4.04,4.14,4.14,4.02,42390933.0,172766530.3,4.04,4.08
2021-01-07,4.11,4.08,4.15,4.05,36298677.0,148361120.76,4.14,4.09
2021-01-08,4.07,4.05,4.11,4.03,26191292.0,106314980.07,4.08,4.06
2021-01-11,4.05,4.0,4.08,3.99,31959530.0,128450911.4,4.05,4.02
2021-01-12,4.01,3.93,4.01,3.9,57104744.0,224627358.7,4.0,3.93
2021-01-13,3.94,3.97,4.02,3.93,35267856.0,140051682.86,3.93,3.97
2021-01-14,3.97,3.98,4.01,3.93,23806524.0,94707264.02,3.97,3.98
2021-01-15,3.99,4.03,4.08,3.95,37254742.0,149715044.16,3.98,4.02
2021-01-18,4.03,3.96,4.05,3.95,25380418.0,101224283.21,4.03,3.99
2021-01-19,3.97,4.0,4.02,3.93,18102196.0,72046030.15,3.96,3.98
2021-01-20,4.01,3.98,4.02,3.95,17431773.0,69359243.57,4.0,3.98
2021-01-21,3.97,4.05,4.05,3.96,31390338.0,126235336.62,3.98,4.02
2021-01-22,4.05,4.05,4.08,4.01,30028938.0,121574715.71,4.05,4.05
2021-01-25,4.05,4.0,4.05,3.97,31254795.0,124987518.07,4.05,4.0
2021-01-26,3.99,4.04,4.04,3.99,20225297.0,81295081.13,4.0,4.02
2021-01-27,4.03,4.09,4.1,4.02,28070812.0,114261556.4,4.04,4.07
2021-01-28,4.06,4.16,4.2,4.05,55992148.0,232527636.6,4.09,4.15
2021-01-29,4.14,4.13,4.18,4.07,30231216.0,124754498.68,4.16,4.13
2021-02-01,4.12,4.16,4.17,4.08,31428364.0,129858665.72,4.13,4.13
2021-02-02,4.18,4.17,4.2,4.12,30303454.0,125949971.05,4.16,4.16
2021-02-03,4.16,4.17,4.21,4.15,21501015.0,89828809.84,4.17,4.18
2021-02-04,4.17,4.15,4.18,4.09,27844843.0,115324675.17,4.17,4.14
2021-02-05,4.14,4.22,4.24,4.14,47346627.0,198662048.59,4.15,4.2
2021-02-08,4.21,4.16,4.29,4.14,39609347.0,166498398.34,4.22,4.2
2021-02-09,4.15,4.07,4.16,4.06,43340542.0,177772088.46,4.16,4.1
2021-02-10,4.1,4.25,4.26,4.08,48327138.0,203160878.98,4.07,4.2
2021-02-18,4.29,4.2,4.3,4.18,39486136.0,166398088.52,4.25,4.21
2021-02-19,4.2,4.32,4.33,4.18,43430852.0,185300662.55,4.2,4.27
2021-02-22,4.34,4.33,4.43,4.28,57643496.0,249918333.63,4.32,4.34
2021-02-23,4.3,4.28,4.37,4.26,38099969.0,163922704.39,4.33,4.3
2021-02-24,4.28,4.19,4.3,4.18,40946671.0,173137396.25,4.28,4.23
2021-02-25,4.21,4.18,4.24,4.17,28274581.0,118836456.78,4.19,4.2
2021-02-26,4.17,4.14,4.18,4.1,33007861.0,136476110.34,4.18,4.13
2021-03-01,4.15,4.1,4.16,4.09,26743674.0,110221389.71,4.14,4.12
2021-03-02,4.11,4.18,4.18,4.1,25544636.0,105941327.23,4.1,4.15
2021-03-03,4.16,4.18,4.18,4.14,15131967.0,63058060.66,4.18,4.17
2021-03-04,4.18,4.21,4.24,4.15,35569352.0,149539444.12,4.18,4.2
2021-03-05,4.19,4.15,4.22,4.1,34103260.0,141489162.5,4.21,4.15
2021-03-08,4.15,4.28,4.3,4.14,53160986.0,225643971.94,4.15,4.24
2021-03-09,4.25,4.28,4.37,4.25,52535074.0,226391340.65,4.28,4.31
2021-03-10,4.29,4.33,4.37,4.25,54230181.0,234818728.19,4.28,4.33
2021-03-11,4.35,4.77,4.77,4.34,153380433.0,718255020.31,4.33,4.68
2021-03-12,4.76,5.25,5.25,4.72,198663271.0,992673953.32,4.77,5.0
2021-03-15,5.43,5.16,5.62,4.94,286803792.0,1503801338.18,5.25,5.24
2021-03-16,5.06,5.12,5.24,4.96,145581453.0,738494344.11,5.16,5.07
2021-03-17,5.02,5.03,5.06,4.76,149493768.0,735563640.14,5.12,4.92
2021-03-18,4.98,5.1,5.41,4.97,148689994.0,766752338.67,5.03,5.16
2021-03-19,5.02,5.18,5.34,4.95,176720629.0,914388118.64,5.1,5.17
2021-03-22,5.26,5.39,5.51,5.21,181183188.0,975371420.93,5.18,5.38
2021-03-23,5.32,5.05,5.32,5.0,131974319.0,678523608.38,5.39,5.14
2021-03-24,4.98,5.08,5.16,4.89,94897103.0,477976659.51,5.05,5.04
2021-03-25,4.99,5.02,5.05,4.77,96563981.0,474770454.54,5.08,4.92
2021-03-26,4.99,5.09,5.22,4.99,92820901.0,475732711.33,5.02,5.13
2021-03-29,5.12,5.16,5.34,5.12,117841348.0,615519086.8,5.09,5.22
2021-03-30,5.14,5.23,5.33,5.01,96121636.0,497388734.91,5.16,5.17
2021-03-31,5.18,5.36,5.54,5.07,136512941.0,725909771.99,5.23,5.32
2021-04-01,5.3,5.18,5.46,5.1,105614622.0,554249986.88,5.36,5.25
2021-04-02,5.15,5.1,5.22,5.04,82388247.0,420105168.09,5.18,5.1
2021-04-06,5.1,5.2,5.3,5.07,56938831.0,296166033.03,5.1,5.2
2021-04-07,5.22,5.29,5.36,5.18,76741969.0,405206169.93,5.2,5.28
2021-04-08,5.26,5.3,5.32,5.14,62213726.0,326496655.33,5.29,5.25
2021-04-09,5.27,5.33,5.48,5.22,76271403.0,409569528.81,5.3,5.37
2021-04-12,5.36,5.87,5.87,5.31,107394698.0,606603036.41,5.33,5.65
2021-04-13,6.03,5.74,6.16,5.73,171595959.0,1012792931.31,5.87,5.9
2021-04-14,5.74,5.71,5.89,5.66,92328683.0,531112810.26,5.74,5.75
2021-04-15,5.72,5.57,5.79,5.56,61809669.0,348145628.31,5.71,5.63
2021-04-16,5.6,5.49,5.66,5.43,89177795.0,490622048.59,5.57,5.5
2021-04-19,5.49,5.49,5.55,5.44,56099018.0,307906702.82,5.49,5.49
2021-04-20,5.44,5.46,5.54,5.38,59387844.0,324529898.11,5.49,5.46
2021-04-21,5.42,5.44,5.48,5.31,50091675.0,270638473.84,5.46,5.4
2021-04-22,5.46,5.55,5.61,5.36,57554768.0,316132076.29,5.44,5.49
2021-04-23,5.42,5.28,5.43,5.07,128164504.0,669898968.15,5.55,5.23
2021-04-26,5.22,5.12,5.25,5.11,58082807.0,300187185.0,5.28,5.17
2021-04-27,5.1,5.21,5.26,5.1,53231305.0,276532732.22,5.12,5.19
2021-04-28,5.2,5.54,5.72,5.18,85507909.0,471403295.86,5.21,5.51
2021-04-29,5.5,5.5,5.54,5.38,39828525.0,217543567.39,5.54,5.46
2021-04-30,5.46,5.43,5.51,5.4,30252843.0,164749851.82,5.5,5.45
2021-05-06,5.39,5.36,5.46,5.32,29201120.0,157353894.2,5.43,5.39
2021-05-07,5.33,5.37,5.46,5.3,33388856.0,179909977.99,5.36,5.39
2021-05-10,5.35,5.59,5.68,5.35,50440062.0,280453231.31,5.37,5.56
2021-05-11,5.6,5.54,5.68,5.51,43726750.0,244040948.88,5.59,5.58
2021-05-12,5.53,5.45,5.54,5.32,41673794.0,225286188.97,5.54,5.41
2021-05-13,5.39,5.26,5.43,5.19,36299891.0,192068514.63,5.45,5.29
2021-05-14,5.25,5.29,5.32,5.2,26987274.0,142086069.15,5.26,5.27
2021-05-17,5.28,5.28,5.33,5.22,24716422.0,130247615.38,5.29,5.27
2021-05-18,5.29,5.18,5.3,5.13,35739748.0,185257167.15,5.28,5.18
2021-05-19,5.17,5.17,5.19,5.07,36743619.0,187992174.37,5.18,5.12
2021-05-20,5.16,5.09,5.17,5.07,32114131.0,163791964.22,5.17,5.1
2021-05-21,5.09,5.12,5.18,4.95,56020874.0,283630372.17,5.09,5.06
2021-05-24,5.18,5.13,5.29,5.11,52324080.0,271518413.94,5.12,5.19
2021-05-25,5.07,5.14,5.16,5.01,38185082.0,194022665.6,5.13,5.08
2021-05-26,5.14,5.15,5.19,5.05,37018583.0,189279273.61,5.14,5.11
2021-05-27,5.12,5.16,5.16,5.09,27998355.0,143632923.56,5.15,5.13
2021-05-28,5.16,4.99,5.16,4.96,44295557.0,223607269.93,5.16,5.05
2021-05-31,5.01,5.06,5.08,4.86,55405681.0,275304029.63,4.99,4.97
2021-06-01,5.04,5.06,5.09,5.01,29189266.0,147161228.61,5.06,5.04
2021-06-02,5.03,5.1,5.13,5.02,28047559.0,142692512.03,5.06,5.09
2021-06-03,5.1,5.06,5.14,5.04,19740400.0,100231443.7,5.1,5.08
2021-06-04,5.06,5.0,5.07,4.95,28377686.0,141695957.29,5.06,4.99
2021-06-07,5.01,5.03,5.04,4.93,21080380.0,105124495.0,5.0,4.99
2021-06-08,5.04,5.04,5.07,4.99,20930308.0,105294628.0,5.03,5.03
2021-06-09,5.04,5.23,5.25,5.02,66219143.0,343458584.0,5.04,5.19
2021-06-10,5.24,5.18,5.25,5.16,26925844.0,139891983.96,5.23,5.2
2021-06-11,5.2,5.34,5.42,5.18,50099476.0,266941356.64,5.18,5.33
2021-06-15,5.34,5.41,5.48,5.28,47022579.0,252900742.99,5.34,5.38
2021-06-16,5.37,5.4,5.45,5.28,37176219.0,199613156.44,5.41,5.37
2021-06-17,5.36,5.35,5.49,5.33,26507606.0,142743932.65,5.4,5.39
2021-06-18,5.35,5.2,5.38,5.18,34164309.0,179120720.07,5.35,5.24
2021-06-21,5.23,5.49,5.61,5.19,49314443.0,267246303.65,5.2,5.42
2021-06-22,5.47,5.48,5.54,5.38,32345336.0,176325901.36,5.49,5.45
2021-06-23,5.52,5.55,5.63,5.48,24433994.0,136055244.52,5.48,5.57
2021-06-24,5.54,5.51,5.62,5.49,20511700.0,113982084.1,5.55,5.56
2021-06-25,5.49,5.43,5.52,5.41,22111302.0,120390553.5,5.51,5.44
2021-06-28,5.53,5.78,5.81,5.53,69569980.0,396560418.31,5.43,5.7
2021-06-29,5.78,5.57,5.78,5.55,38830273.0,218129858.97,5.78,5.62
2021-06-30,5.55,5.51,5.57,5.47,22372685.0,123116249.45,5.57,5.5
2021-07-01,5.58,5.52,5.65,5.49,21188671.0,117698895.38,5.51,5.55
2021-07-02,5.51,5.42,5.54,5.33,37945938.0,205383588.99,5.52,5.41
2021-07-05,5.44,5.34,5.5,5.28,30674307.0,164650710.38,5.42,5.37
2021-07-06,5.33,5.36,5.43,5.31,22624031.0,121351096.62,5.34,5.36
2021-07-07,5.38,5.25,5.39,5.21,28952297.0,152524509.86,5.36,5.27
2021-07-08,5.27,5.32,5.41,5.26,30784802.0,164460193.97,5.25,5.34
2021-07-09,5.3,5.3,5.33,5.21,26776045.0,140985066.52,5.32,5.27
2021-07-12,5.31,5.34,5.37,5.25,24957414.0,132256779.03,5.3,5.3
2021-07-13,5.32,5.45,5.45,5.28,27608495.0,148650337.39,5.34,5.38
2021-07-14,5.44,5.38,5.53,5.33,26917604.0,145662274.36,5.45,5.41
2021-07-15,5.4,5.4,5.41,5.29,22386746.0,119887784.7,5.38,5.35
2021-07-16,5.39,5.18,5.44,5.17,55929683.0,295454036.41,5.4,5.28
2021-07-19,5.24,5.08,5.26,5.03,44102898.0,225010089.59,5.18,5.1
2021-07-20,5.07,5.07,5.12,5.05,15549846.0,78936724.99,5.08,5.08
2021-07-21,5.07,5.0,5.1,4.97,31350285.0,157247829.79,5.07,5.02
2021-07-22,5.01,5.01,5.07,4.97,22587679.0,113220824.04,5.0,5.01
2021-07-23,5.02,4.82,5.02,4.75,67456378.0,327292751.95,5.01,4.85
2021-07-26,4.82,4.89,4.96,4.78,40788046.0,199472861.51,4.82,4.89
2021-07-27,4.91,4.88,5.02,4.86,38680472.0,191201975.09,4.89,4.94
2021-07-28,4.88,4.98,5.03,4.81,38897232.0,192570978.38,4.88,4.95
2021-07-29,4.99,4.97,5.01,4.92,28989626.0,144117543.76,4.98,4.97
2021-07-30,5.04,4.97,5.18,4.95,65415435.0,331141913.67,4.97,5.06
2021-08-02,4.93,5.05,5.08,4.83,43701375.0,216677918.52,4.97,4.96
2021-08-03,5.01,5.05,5.07,5.0,27198853.0,137015577.54,5.05,5.04
2021-08-04,5.04,5.29,5.35,5.0,69226828.0,363121639.65,5.05,5.25
2021-08-05,5.31,5.26,5.33,5.22,28911625.0,152351333.12,5.29,5.27
2021-08-06,5.27,5.28,5.34,5.23,26884692.0,141816359.62,5.26,5.27
2021-08-09,5.28,5.25,5.3,5.21,31815610.0,166887353.05,5.28,5.25
2021-08-10,5.25,5.27,5.28,5.17,27846185.0,145804816.26,5.25,5.24
2021-08-11,5.27,5.34,5.37,5.26,32741707.0,174280256.98,5.27,5.32
2021-08-12,5.33,5.31,5.41,5.28,27895221.0,148683450.16,5.34,5.33
2021-08-13,5.3,5.29,5.35,5.24,22040364.0,116738859.16,5.31,5.3
2021-08-16,5.27,5.27,5.32,5.26,16424823.0,86882373.93,5.29,5.29
2021-08-17,5.29,5.17,5.33,5.16,29704375.0,155572450.15,5.27,5.24
2021-08-18,5.17,5.18,5.2,5.09,28981746.0,149220715.89,5.17,5.15
2021-08-19,5.16,5.2,5.26,5.15,22103974.0,114988670.2,5.18,5.2
2021-08-20,5.21,5.17,5.21,5.13,28528657.0,147296300.27,5.2,5.16
2021-08-23,5.17,5.18,5.23,5.13,36015433.0,186098495.68,5.17,5.17
2021-08-24,5.18,5.4,5.47,5.17,63612456.0,342394113.58,5.18,5.38
2021-08-25,5.36,5.46,5.51,5.3,45486673.0,245852383.28,5.4,5.41
2021-08-26,5.41,5.45,5.5,5.37,30213894.0,164073041.27,5.46,5.43
2021-08-27,5.46,5.45,5.55,5.38,27488692.0,150008583.14,5.45,5.46
2021-08-30,5.47,5.51,5.57,5.45,31035744.0,170844695.04,5.45,5.5
2021-08-31,5.51,5.51,5.58,5.41,32392486.0,177662105.41,5.51,5.48
2021-09-01,5.53,5.64,5.67,5.5,58245117.0,326596193.19,5.51,5.61
2021-09-02,5.64,5.74,5.79,5.6,78452118.0,447825755.27,5.64,5.71
2021-09-03,5.71,5.7,6.03,5.66,98716281.0,573094230.03,5.74,5.81
2021-09-06,5.72,5.93,5.98,5.71,80112806.0,472226118.82,5.7,5.89
2021-09-07,6.0,6.0,6.08,5.84,84019704.0,504062231.01,5.93,6.0
2021-09-08,6.07,6.6,6.6,6.07,140155373.0,900396609.42,6.0,6.42
2021-09-09,6.57,6.53,6.65,6.36,163947860.0,1065793055.17,6.6,6.5
2021-09-10,6.55,6.35,6.63,6.25,86863335.0,555536672.15,6.53,6.4
2021-09-13,6.29,6.39,6.42,6.19,49483207.0,313075139.8,6.35,6.33
2021-09-14,6.39,6.43,6.7,6.26,118833332.0,770003422.76,6.39,6.48
2021-09-15,6.37,6.32,6.49,6.28,66751530.0,424165621.05,6.43,6.35
2021-09-16,6.32,6.34,6.55,6.28,73701917.0,474056475.36,6.32,6.43
2021-09-17,6.32,6.88,6.95,6.31,170237616.0,1163695501.84,6.34,6.84
2021-09-22,7.0,7.57,7.57,6.96,129598138.0,957721206.39,6.88,7.39
2021-09-23,7.69,7.43,7.99,7.34,187293863.0,1427502538.42,7.57,7.62
2021-09-24,7.44,7.06,7.48,7.0,118701978.0,854879408.94,7.43,7.2
2021-09-27,7.22,6.78,7.28,6.67,123955440.0,847551053.97,7.06,6.84
2021-09-28,6.78,7.46,7.46,6.77,165757777.0,1192412442.91,6.78,7.19
2021-09-29,7.26,7.39,7.73,7.08,149978384.0,1108720880.5,7.46,7.39
2021-09-30,7.42,8.13,8.13,7.36,137670814.0,1079560817.69,7.39,7.84
2021-10-08,8.33,7.32,8.41,7.32,126500460.0,957698403.95,8.13,7.57
2021-10-11,7.34,6.95,7.42,6.74,132670367.0,917566713.35,7.32,6.92
2021-10-12,6.81,6.5,6.94,6.33,144897459.0,945187933.89,6.95,6.52
2021-10-13,6.45,6.32,6.48,6.24,87198124.0,554423645.0,6.5,6.36
2021-10-14,6.28,6.21,6.35,6.11,53591721.0,334157414.0,6.32,6.24
2021-10-15,6.16,6.09,6.25,6.0,83755630.0,511486061.0,6.21,6.11
2021-10-18,6.13,6.35,6.54,6.08,100557470.0,635902800.0,6.09,6.32
2021-10-19,6.35,6.41,6.46,6.23,52003640.0,331565462.0,6.35,6.38
2021-10-20,6.36,6.71,6.81,6.31,76407996.0,507947674.0,6.41,6.65
2021-10-21,6.64,6.61,6.82,6.5,61856638.0,411084967.52,6.71,6.65
2021-10-22,6.6,6.47,6.66,6.42,45954432.0,298891930.7,6.61,6.5
2021-10-25,6.47,6.52,6.62,6.45,41307778.0,270240654.14,6.47,6.54
2021-10-26,6.52,6.6,6.83,6.49,51734145.0,345225228.69,6.52,6.67
2021-10-27,6.63,6.96,7.1,6.52,91966864.0,634167830.89,6.6,6.9
2021-10-28,6.9,6.67,6.9,6.59,80872459.0,544237910.5,6.96,6.73
2021-10-29,6.62,6.47,6.65,6.21,111956953.0,713512810.86,6.67,6.37
2021-11-01,6.42,6.47,6.6,6.36,61891615.0,400215737.37,6.47,6.47
2021-11-02,6.46,6.13,6.48,6.1,76897713.0,479331021.09,6.47,6.23
2021-11-03,6.13,6.31,6.48,6.12,68981841.0,435847882.67,6.13,6.32
2021-11-04,6.29,6.27,6.35,6.17,45238506.0,283231521.38,6.31,6.26
2021-11-05,6.23,6.06,6.25,5.98,77083841.0,469164071.64,6.27,6.09
2021-11-08,6.07,5.94,6.11,5.92,36293452.0,216862267.08,6.06,5.98
2021-11-09,6.02,5.93,6.12,5.87,42247383.0,251508020.5,5.94,5.95
2021-11-10,5.92,5.88,5.93,5.7,70582256.0,408148721.9,5.93,5.78
2021-11-11,5.87,5.77,5.88,5.7,68377737.0,394273601.26,5.88,5.77
2021-11-12,5.76,5.7,5.83,5.67,52021042.0,297826344.33,5.77,5.73
2021-11-15,5.7,5.68,5.71,5.62,42774476.0,241954557.96,5.7,5.66
2021-11-16,5.68,5.83,5.87,5.66,81016299.0,469056242.96,5.68,5.79
2021-11-17,5.83,5.68,5.83,5.67,55484242.0,316685836.26,5.83,5.71
2021-11-18,5.69,5.69,5.77,5.63,39055722.0,222646954.21,5.68,5.7
2021-11-19,5.71,5.85,5.88,5.64,51863962.0,300054618.69,5.69,5.79
2021-11-22,5.84,5.73,5.89,5.68,62630260.0,360009704.91,5.85,5.75
2021-11-23,5.71,5.82,5.87,5.67,59235029.0,341385433.19,5.73,5.76
2021-11-24,5.87,5.71,5.87,5.69,49710196.0,285525572.82,5.82,5.74
2021-11-25,5.73,5.82,5.96,5.72,86696058.0,506608831.42,5.71,5.84
2021-11-26,5.79,5.71,5.79,5.67,41869735.0,239904116.0,5.82,5.73
2021-11-29,5.67,5.75,5.78,5.63,37233524.0,213179311.0,5.71,5.73
2021-11-30,5.74,5.71,5.85,5.68,41079165.0,236340805.51,5.75,5.75
2021-12-01,5.69,5.76,5.77,5.66,42103248.0,240406540.62,5.71,5.71
2021-12-02,5.72,5.75,5.82,5.72,28111517.0,162033611.3,5.76,5.76
2021-12-03,5.73,6.0,6.09,5.71,86285728.0,511030633.9,5.75,5.92
2021-12-06,6.01,5.88,6.09,5.87,65470658.0,389441672.02,6.0,5.95
2021-12-07,5.89,6.12,6.15,5.83,76007203.0,456629673.28,5.88,6.01
2021-12-08,6.11,6.08,6.21,6.02,64512260.0,391910430.05,6.12,6.07
2021-12-09,6.07,6.23,6.29,6.04,81132441.0,503204517.78,6.08,6.2
2021-12-10,6.22,6.3,6.47,6.17,89703001.0,567743982.19,6.23,6.33
2021-12-13,6.34,6.37,6.61,6.29,91194388.0,585082256.51,6.3,6.42
2021-12-14,6.32,6.29,6.44,6.21,66949559.0,422136603.48,6.37,6.31
2021-12-15,6.27,6.36,6.53,6.12,83841195.0,528915977.5,6.29,6.31
2021-12-16,6.37,6.42,6.47,6.33,53098163.0,339394773.73,6.36,6.39
2021-12-17,6.38,6.5,6.76,6.37,87378316.0,575147083.54,6.42,6.58
2021-12-20,6.57,6.14,6.6,6.1,95786913.0,600702374.22,6.5,6.27
2021-12-21,6.1,6.21,6.25,6.04,52701297.0,325103409.71,6.14,6.17
2021-12-22,6.19,6.17,6.24,6.12,35285388.0,217589725.67,6.21,6.17
2021-12-23,6.17,6.44,6.46,6.09,60410223.0,381979169.69,6.17,6.32
2021-12-24,6.43,6.35,6.55,6.33,45508368.0,292253596.31,6.44,6.42
2021-12-27,6.34,6.23,6.48,6.19,61748610.0,389501827.4,6.35,6.31
2021-12-28,6.22,6.06,6.24,6.01,52887743.0,321393219.0,6.23,6.08
2021-12-29,6.06,6.03,6.08,5.97,38992587.0,234774420.0,6.06,6.02
2021-12-30,6.01,6.07,6.11,5.98,28927595.0,175371526.0,6.03,6.06
2021-12-31,6.07,6.27,6.31,6.05,58220086.0,362792077.0,6.07,6.23
2022-01-04,6.29,6.16,6.3,6.13,47771044.0,295286604.0,6.27,6.18
2022-01-05,6.11,6.01,6.11,5.99,40458323.0,244086536.0,6.16,6.03
2022-01-06,5.99,5.94,6.03,5.9,32313969.0,192233628.0,6.01,5.95
2022-01-07,5.97,5.9,5.99,5.9,25676753.0,152681415.0,5.94,5.95
2022-01-10,5.9,5.82,5.96,5.8,33238081.0,193962757.0,5.9,5.84
2022-01-11,5.84,5.89,5.95,5.82,25160816.0,148418332.0,5.82,5.9
2022-01-12,5.9,5.87,5.91,5.84,27783762.0,162619175.0,5.89,5.85
2022-01-13,5.87,5.86,5.98,5.82,39884971.0,234613941.0,5.87,5.88
2022-01-14,5.86,6.0,6.0,5.8,30230619.0,177472342.0,5.86,5.87
2022-01-17,5.91,5.84,5.92,5.82,34272351.0,200739104.0,6.0,5.86
2022-01-18,5.84,5.91,5.95,5.82,30519915.0,179746890.0,5.84,5.89
2022-01-19,5.87,5.87,5.9,5.83,22964565.0,134581901.0,5.91,5.86
2022-01-20,5.87,5.88,5.96,5.84,28769420.0,169394326.0,5.87,5.89
2022-01-21,5.88,5.87,5.93,5.85,21074728.0,123861480.0,5.88,5.88
2022-01-24,5.87,5.89,5.9,5.79,27060905.0,158584270.0,5.87,5.86
2022-01-25,5.87,5.74,5.87,5.72,22998766.0,133224088.0,5.89,5.79
2022-01-26,5.75,5.77,5.81,5.71,18659683.0,107408311.0,5.74,5.76
2022-01-27,5.75,5.71,5.78,5.69,24214037.0,138778855.0,5.77,5.73
2022-01-28,5.71,5.66,5.75,5.65,19945364.0,113114825.0,5.71,5.67
2022-02-07,5.71,5.79,5.8,5.69,19377917.0,111628027.0,5.66,5.76
2022-02-08,5.81,5.96,5.97,5.77,28774350.0,169530950.0,5.79,5.89
2022-02-09,5.98,6.05,6.09,5.91,35321459.0,212973228.0,5.96,6.03
2022-02-10,6.05,6.1,6.14,6.03,26960273.0,163985480.0,6.05,6.08
2022-02-11,6.08,6.04,6.11,6.01,22302312.0,135209134.0,6.1,6.06
2022-02-14,6.03,5.86,6.03,5.83,24895171.0,146804211.0,6.04,5.9
2022-02-15,5.86,5.87,5.93,5.81,21185648.0,124307494.0,5.86,5.87
2022-02-16,5.89,5.85,5.92,5.83,15078437.0,88527323.0,5.87,5.87
2022-02-17,5.85,5.84,5.87,5.82,15452723.0,90209618.0,5.85,5.84
2022-02-18,5.83,5.85,5.87,5.8,17365156.0,101274684.0,5.84,5.83
2022-02-21,5.82,5.83,5.86,5.81,16536389.0,96340482.0,5.85,5.83
2022-02-22,5.81,5.74,5.82,5.72,20732579.0,119377597.0,5.83,5.76
2022-02-23,5.75,5.81,5.83,5.74,18380105.0,106110970.0,5.74,5.77
2022-02-24,5.79,5.71,5.87,5.68,29062396.0,167531851.0,5.81,5.76
2022-02-25,5.73,5.8,5.82,5.72,29564443.0,170750598.0,5.71,5.78
2022-02-28,5.8,5.87,5.95,5.78,32760463.0,191744294.0,5.8,5.85
2022-03-01,5.87,5.84,5.91,5.82,18652108.0,109161308.0,5.87,5.85
2022-03-02,5.82,5.87,5.88,5.8,18554191.0,108621836.0,5.84,5.85
2022-03-03,5.95,6.07,6.13,5.95,59560614.0,360497792.0,5.87,6.05
2022-03-04,6.07,6.0,6.07,5.95,26342413.0,158378775.0,6.07,6.01
2022-03-07,6.07,5.97,6.11,5.96,37237849.0,225015409.0,6.0,6.04
2022-03-08,5.96,5.82,6.02,5.81,37049118.0,219276007.0,5.97,5.92
2022-03-09,5.84,6.0,6.1,5.84,93646161.0,558883214.0,5.82,5.97
2022-03-10,6.16,6.18,6.23,6.0,79557591.0,487764802.0,6.0,6.13
2022-03-11,6.08,5.97,6.08,5.87,62895508.0,374402648.0,6.18,5.95
2022-03-14,5.9,5.8,5.92,5.69,47286720.0,276150151.0,5.97,5.84
2022-03-15,5.74,5.36,5.75,5.31,76023423.0,421132882.0,5.8,5.54
2022-03-16,5.43,5.56,5.58,5.28,40005500.0,218030681.0,5.36,5.45
2022-03-17,5.61,5.54,5.65,5.52,29811545.0,166668776.0,5.56,5.59
2022-03-18,5.53,5.62,5.63,5.51,26021341.0,145339284.0,5.54,5.59
2022-03-21,5.61,5.54,5.63,5.42,31768418.0,176018116.0,5.62,5.54
2022-03-22,5.5,5.52,5.57,5.44,36450231.0,200560810.0,5.54,5.5
2022-03-23,5.54,5.62,5.65,5.53,30250129.0,169683874.0,5.52,5.61
2022-03-24,5.6,5.57,5.67,5.54,18388549.0,102929109.0,5.62,5.6
2022-03-25,5.57,5.47,5.59,5.46,30327329.0,167167185.0,5.57,5.51
2022-03-28,5.45,5.46,5.47,5.35,22671169.0,122900059.0,5.47,5.42
2022-03-29,5.48,5.47,5.5,5.46,13940696.0,76426226.0,5.46,5.48
2022-03-30,5.49,5.53,5.54,5.47,17637711.0,97140739.0,5.47,5.51
2022-03-31,5.51,5.54,5.56,5.5,14343365.0,79455565.0,5.53,5.54
2022-04-01,5.52,5.58,5.61,5.5,17990593.0,100136369.0,5.54,5.57
2022-04-06,5.64,5.98,6.1,5.64,106855127.0,633699220.0,5.58,5.93
2022-04-07,6.01,5.87,6.01,5.85,37959941.0,224115722.0,5.98,5.9
2022-04-08,5.84,5.94,5.97,5.84,32755024.0,193345076.0,5.87,5.9
2022-04-11,5.94,5.88,5.99,5.86,36971480.0,218852634.0,5.94,5.92
2022-04-12,5.88,5.87,5.9,5.8,21323685.0,124816525.0,5.88,5.85
2022-04-13,5.87,5.87,5.9,5.85,16059569.0,94451634.0,5.87,5.88
2022-04-14,5.87,5.91,5.93,5.86,14981066.0,88352105.0,5.87,5.9
2022-04-15,5.9,5.92,6.03,5.87,20157076.0,120030000.0,5.91,5.95
2022-04-18,5.88,5.92,5.93,5.87,17334492.0,102226122.0,5.92,5.9
2022-04-19,5.92,6.04,6.05,5.91,34659051.0,207788091.0,5.92,5.99
2022-04-20,6.03,5.9,6.05,5.87,28460533.0,169111118.0,6.04,5.94
2022-04-21,5.88,5.85,5.95,5.81,25071238.0,147744680.0,5.9,5.89
2022-04-22,5.82,5.99,6.01,5.76,49327329.0,292551421.0,5.85,5.93
2022-04-25,5.95,5.76,6.03,5.73,43862313.0,258074763.0,5.99,5.88
2022-04-26,5.78,5.76,5.87,5.67,38025758.0,219563886.0,5.76,5.77
2022-04-27,5.74,5.83,5.85,5.67,27309510.0,157732469.0,5.76,5.78
2022-04-28,5.81,5.9,6.01,5.79,60410541.0,355962154.0,5.83,5.89
2022-04-29,5.92,5.85,5.92,5.77,42561865.0,248322729.0,5.9,5.83
2022-05-05,5.84,5.89,5.95,5.83,37371096.0,219896797.0,5.85,5.88
2022-05-06,5.81,5.69,5.83,5.68,37302019.0,214250165.0,5.89,5.74
2022-05-09,5.67,5.79,5.79,5.66,22739873.0,130726848.0,5.69,5.75
2022-05-10,5.75,6.2,6.33,5.72,114735768.0,699075087.0,5.79,6.09
2022-05-11,6.2,6.25,6.29,6.07,88188229.0,544109626.0,6.2,6.17
2022-05-12,6.21,6.3,6.55,6.19,90738656.0,578627549.0,6.25,6.38
2022-05-13,6.3,6.47,6.55,6.21,73587848.0,473118106.0,6.3,6.43
2022-05-16,6.45,6.51,6.55,6.32,51946708.0,336473542.0,6.47,6.48
2022-05-17,6.47,6.42,6.48,6.32,45646591.0,291850573.0,6.51,6.39
2022-05-18,6.42,6.48,6.6,6.3,38000608.0,244899294.0,6.42,6.44
2022-05-19,6.43,6.59,6.6,6.36,33808839.0,219776566.0,6.48,6.5
2022-05-20,6.6,6.54,6.69,6.54,34591371.0,228436669.0,6.59,6.6
2022-05-23,6.55,6.49,6.6,6.47,28253685.0,183821912.0,6.54,6.51
2022-05-24,6.48,6.43,6.62,6.4,29227865.0,190149667.0,6.49,6.51
2022-05-25,6.43,6.56,6.58,6.39,29531695.0,191938491.0,6.43,6.5
2022-05-26,6.6,6.75,6.86,6.57,52395119.0,353131128.0,6.56,6.74
2022-05-27,6.71,6.82,6.87,6.66,43907545.0,298507949.0,6.75,6.8
2022-05-30,6.83,6.79,6.92,6.74,24782684.0,168824595.0,6.82,6.81
2022-05-31,6.79,6.76,6.86,6.74,29374782.0,199136538.0,6.79,6.78
2022-06-01,6.75,6.74,6.78,6.58,44713895.0,297674071.0,6.76,6.66
2022-06-02,6.68,6.54,6.69,6.51,39374675.0,259402214.0,6.74,6.59
2022-06-06,6.52,6.56,6.58,6.42,50640582.0,328529151.0,6.54,6.49
2022-06-07,6.56,6.46,6.58,6.44,36387337.0,236444272.0,6.56,6.5
2022-06-08,6.46,6.52,6.55,6.4,25676545.0,166709691.0,6.46,6.49
2022-06-09,6.5,6.66,6.85,6.5,63361523.0,426075294.0,6.52,6.72
2022-06-10,6.66,6.96,7.01,6.6,80963689.0,556867701.0,6.66,6.88
2022-06-13,6.91,6.89,6.96,6.81,43170224.0,297050654.0,6.96,6.88
2022-06-14,6.87,6.87,6.88,6.75,33692590.0,229856557.0,6.89,6.82
2022-06-15,6.87,6.81,6.9,6.75,37900973.0,258594051.0,6.87,6.82
2022-06-16,6.81,6.7,6.81,6.64,32807925.0,220249495.0,6.81,6.71
2022-06-17,6.67,6.67,6.67,6.56,43124709.0,285436829.0,6.7,6.62
2022-06-20,6.71,6.69,6.75,6.65,35566732.0,238139258.0,6.67,6.7
2022-06-21,6.68,6.84,7.01,6.68,43474979.0,297956048.0,6.69,6.85
2022-06-22,6.82,6.84,6.99,6.8,23944307.0,164640885.0,6.84,6.88
2022-06-23,6.83,6.77,6.88,6.7,34773155.0,234669972.0,6.84,6.75
2022-06-24,6.74,6.69,6.78,6.65,28356663.0,189834956.0,6.77,6.69
2022-06-27,6.69,6.83,6.84,6.62,36366837.0,245666265.0,6.69,6.75
2022-06-28,6.8,6.93,6.99,6.78,29257750.0,202186026.0,6.83,6.91
2022-06-29,6.98,6.93,6.99,6.87,22928740.0,159052770.0,6.93,6.94
2022-06-30,6.93,6.82,6.99,6.81,28281657.0,194241811.0,6.93,6.87
2022-07-01,6.83,6.98,7.03,6.83,28254395.0,196679353.0,6.82,6.96
2022-07-04,6.98,7.03,7.16,6.94,38617158.0,273382600.0,6.98,7.08
2022-07-05,7.03,6.91,7.07,6.82,67336820.0,466123079.0,7.03,6.92
2022-07-06,6.91,6.98,7.05,6.89,42235386.0,294555042.0,6.91,6.97
2022-07-07,7.02,7.09,7.24,7.02,51849679.0,370579518.0,6.98,7.15
2022-07-08,7.13,7.17,7.23,7.05,39380412.0,281916138.0,7.09,7.16
2022-07-11,7.2,7.15,7.35,7.11,40878975.0,295318016.0,7.17,7.22
2022-07-12,7.13,7.19,7.3,7.09,34892589.0,251442195.0,7.15,7.21
2022-07-13,7.2,7.23,7.28,7.1,30544154.0,219891705.0,7.19,7.2
2022-07-14,7.22,7.05,7.23,7.0,45221932.0,319346483.0,7.23,7.06
2022-07-15,7.04,6.92,7.09,6.92,45899156.0,319981254.0,7.05,6.97
2022-07-18,6.94,7.04,7.05,6.93,23950937.0,167832902.0,6.92,7.01
2022-07-19,7.06,7.0,7.1,6.95,26069703.0,182467200.0,7.04,7.0
2022-07-20,6.99,6.86,6.99,6.82,39912141.0,275030605.0,7.0,6.89
2022-07-21,6.87,6.76,6.88,6.74,22502241.0,152917449.0,6.86,6.8
2022-07-22,6.88,6.89,6.97,6.84,37591417.0,259893113.0,6.76,6.91
2022-07-25,6.96,6.83,6.98,6.79,23227925.0,159650044.0,6.89,6.87
2022-07-26,6.86,6.95,7.03,6.82,27539265.0,191359654.0,6.83,6.95
2022-07-27,6.95,6.91,6.99,6.88,18359127.0,127111658.0,6.95,6.92
2022-07-28,6.91,6.93,6.97,6.88,20764154.0,143994128.0,6.91,6.93
2022-07-29,6.92,6.9,7.01,6.88,26373504.0,182889344.0,6.93,6.93
2022-08-01,6.88,6.95,6.98,6.78,37731911.0,260301137.0,6.9,6.9
2022-08-02,6.87,6.78,6.88,6.68,36247465.0,246006032.0,6.95,6.79
2022-08-03,6.79,6.75,6.9,6.75,25698890.0,175603430.0,6.78,6.83
2022-08-04,6.77,6.83,6.85,6.68,30675392.0,207495173.0,6.75,6.76
2022-08-05,6.83,6.92,6.92,6.81,18727983.0,128841646.0,6.83,6.88
2022-08-08,6.9,6.97,6.98,6.88,24867334.0,172818082.0,6.92,6.95
2022-08-09,6.95,6.87,6.98,6.84,30811694.0,212388426.0,6.97,6.89
2022-08-10,6.87,6.85,6.91,6.79,16324359.0,111895116.0,6.87,6.85
2022-08-11,6.88,6.9,6.95,6.85,22495355.0,155345252.0,6.85,6.91
2022-08-12,6.88,6.87,6.96,6.86,21039605.0,145066245.0,6.9,6.9
2022-08-15,6.88,6.93,6.94,6.85,24638095.0,170157563.0,6.87,6.91
2022-08-16,6.94,6.94,7.02,6.9,21082139.0,146600977.0,6.93,6.95
2022-08-17,6.95,6.95,7.05,6.93,30863769.0,215225857.0,6.94,6.97
2022-08-18,6.95,6.86,6.99,6.86,20849537.0,144265894.0,6.95,6.92
2022-08-19,6.85,7.02,7.05,6.82,39360747.0,273804633.0,6.86,6.96
2022-08-22,7.04,7.02,7.1,6.99,27324629.0,192052165.0,7.02,7.03
2022-08-23,7.02,7.07,7.1,6.96,28184045.0,198800830.0,7.02,7.05
2022-08-24,7.07,7.02,7.1,6.98,28293763.0,199164016.0,7.07,7.04
2022-08-25,7.05,7.21,7.23,7.05,41045128.0,293835266.0,7.02,7.16
2022-08-26,7.21,7.14,7.26,7.11,22780126.0,163565358.0,7.21,7.18
2022-08-29,7.16,7.21,7.29,7.12,42128927.0,302754850.0,7.14,7.19
2022-08-30,7.22,7.16,7.28,7.15,30485530.0,219687316.0,7.21,7.21
2022-08-31,7.18,7.09,7.19,7.07,30397315.0,216602888.0,7.16,7.13
2022-09-01,7.09,7.14,7.2,7.07,23810328.0,170388088.0,7.09,7.16
2022-09-02,7.14,7.29,7.35,7.13,44722337.0,325725173.0,7.14,7.28
2022-09-05,7.27,7.39,7.46,7.24,40342664.0,298195960.0,7.29,7.39
2022-09-06,7.39,7.41,7.46,7.32,31438124.0,232314212.0,7.39,7.39
2022-09-07,7.41,7.43,7.46,7.35,25375610.0,187815091.0,7.41,7.4
2022-09-08,7.44,7.48,7.6,7.39,32231452.0,241352450.0,7.43,7.49
2022-09-09,7.48,7.48,7.51,7.42,24410291.0,182402644.0,7.48,7.47
2022-09-13,7.46,7.38,7.48,7.32,25436653.0,187683382.0,7.48,7.38
2022-09-14,7.35,7.26,7.37,7.23,21364540.0,155540699.0,7.38,7.28
2022-09-15,7.3,7.2,7.34,7.18,25763418.0,186515891.0,7.26,7.24
2022-09-16,7.2,7.06,7.2,7.01,48759300.0,345458780.0,7.2,7.08
2022-09-19,7.02,6.94,7.05,6.91,26623721.0,185623929.0,7.06,6.97
2022-09-20,7.0,7.0,7.1,6.97,23554181.0,165551691.0,6.94,7.03
2022-09-21,6.98,7.07,7.13,6.94,23853314.0,168549235.0,7.0,7.07
2022-09-22,7.04,7.03,7.11,6.95,20263722.0,141995707.0,7.07,7.01
2022-09-23,7.03,6.96,7.07,6.94,18063261.0,126123532.0,7.03,6.98
2022-09-26,6.91,6.81,6.97,6.78,21962537.0,150925298.0,6.96,6.87
2022-09-27,6.83,6.82,6.87,6.7,26771786.0,181690800.0,6.81,6.79
2022-09-28,6.79,6.78,6.9,6.75,20408345.0,138875521.0,6.82,6.8
2022-09-29,6.81,6.72,6.84,6.69,15582068.0,105366390.0,6.78,6.76
2022-09-30,6.72,6.71,6.78,6.69,14323547.0,96491890.0,6.72,6.74
2022-10-10,6.75,6.67,6.85,6.66,32605749.0,219922588.0,6.71,6.75
2022-10-11,6.69,6.91,6.94,6.67,39654711.0,270291186.0,6.67,6.82
2022-10-12,6.89,6.93,6.98,6.8,21687683.0,149330484.0,6.91,6.89
2022-10-13,6.92,6.97,7.02,6.88,18887895.0,131375409.0,6.93,6.96
2022-10-14,7.02,6.91,7.02,6.87,27950053.0,193571829.0,6.97,6.93
2022-10-17,6.85,6.71,6.88,6.68,41544057.0,279675658.0,6.91,6.73
2022-10-18,6.71,6.56,6.71,6.5,66745349.0,438446838.0,6.71,6.57
2022-10-19,6.52,6.54,6.61,6.52,29353242.0,192746794.0,6.56,6.57
2022-10-20,6.53,6.51,6.59,6.49,31050468.0,202845706.0,6.54,6.53
2022-10-21,6.53,6.57,6.63,6.5,39972389.0,263001279.0,6.51,6.58
2022-10-24,6.55,6.38,6.6,6.34,51065569.0,329973172.0,6.57,6.46
2022-10-25,6.37,6.55,6.57,6.36,40348787.0,261599021.0,6.38,6.48
2022-10-26,6.53,6.53,6.59,6.52,28445969.0,186132499.0,6.55,6.54
2022-10-27,6.52,6.47,6.56,6.45,31712778.0,205801724.0,6.53,6.49
2022-10-28,6.44,6.31,6.46,6.3,40206557.0,255928179.0,6.47,6.37
2022-10-31,6.27,6.22,6.32,6.19,30597145.0,190908235.0,6.31,6.24
2022-11-01,6.21,6.25,6.26,6.12,35279316.0,218406623.0,6.22,6.19
2022-11-02,6.21,6.37,6.4,6.18,27806043.0,174047433.0,6.25,6.26
2022-11-03,6.32,6.28,6.33,6.26,26202175.0,165006446.0,6.37,6.3
2022-11-04,6.28,6.43,6.45,6.26,24889801.0,158941735.0,6.28,6.39
2022-11-07,6.41,6.49,6.52,6.37,24269999.0,156295302.0,6.43,6.44
2022-11-08,6.47,6.41,6.49,6.37,20206463.0,129674866.0,6.49,6.42
2022-11-09,6.42,6.34,6.42,6.32,14433220.0,91737045.0,6.41,6.36
2022-11-10,6.32,6.28,6.33,6.24,19594841.0,122812728.0,6.34,6.27
2022-11-11,6.34,6.37,6.4,6.33,30691851.0,195418496.0,6.28,6.37
2022-11-14,6.39,6.33,6.43,6.32,21690264.0,138068855.0,6.37,6.37
2022-11-15,6.32,6.37,6.37,6.28,38882786.0,246270290.0,6.33,6.33
2022-11-16,6.38,6.42,6.53,6.35,34095842.0,220214130.0,6.37,6.46
2022-11-17,6.41,6.34,6.44,6.3,24965071.0,158715591.0,6.42,6.36
2022-11-18,6.35,6.34,6.36,6.29,18004370.0,114047668.0,6.34,6.33
2022-11-21,6.31,6.35,6.36,6.28,15171761.0,96200070.0,6.34,6.34
2022-11-22,6.34,6.43,6.46,6.33,21816075.0,139865035.0,6.35,6.41
2022-11-23,6.43,6.58,6.66,6.42,38450761.0,252536948.0,6.43,6.57
2022-11-24,6.63,6.55,6.63,6.53,16338530.0,107283377.0,6.58,6.57
2022-11-25,6.56,6.64,6.64,6.51,21268969.0,140429690.0,6.55,6.6
2022-11-28,6.59,6.62,6.64,6.46,32925066.0,216495243.0,6.64,6.58
2022-11-29,6.6,6.59,6.65,6.57,22846278.0,150624296.0,6.62,6.59
2022-11-30,6.59,6.59,6.62,6.54,24269694.0,159637987.0,6.59,6.58
2022-12-01,6.61,6.59,6.62,6.55,21340839.0,140626295.0,6.59,6.59
2022-12-02,6.62,6.57,6.62,6.53,16531682.0,108544981.0,6.59,6.57
2022-12-05,6.58,6.64,6.66,6.57,30532022.0,202185510.0,6.57,6.62
2022-12-06,6.65,6.57,6.67,6.56,23866407.0,157762830.0,6.64,6.61
2022-12-07,6.56,6.54,6.58,6.51,21270931.0,139112439.0,6.57,6.54
2022-12-08,6.55,6.61,6.63,6.55,21753515.0,143695736.0,6.54,6.61
2022-12-09,6.61,6.57,6.65,6.56,20058965.0,132093414.0,6.61,6.59
2022-12-12,6.57,6.51,6.59,6.49,20310896.0,132695924.0,6.57,6.53
2022-12-13,6.5,6.52,6.55,6.49,8714735.0,56796719.0,6.51,6.52
2022-12-14,6.52,6.57,6.57,6.51,11561834.0,75652814.0,6.52,6.54
2022-12-15,6.57,6.45,6.58,6.45,13686461.0,88775113.0,6.57,6.49
2022-12-16,6.45,6.48,6.52,6.42,11373220.0,73664363.0,6.45,6.48
2022-12-19,6.42,6.16,6.45,6.16,52028223.0,325666376.0,6.48,6.26
2022-12-20,6.15,6.09,6.16,6.05,25685102.0,156624518.0,6.16,6.1
2022-12-21,6.09,6.09,6.17,6.08,12215518.0,74718851.0,6.09,6.12
2022-12-22,6.1,6.04,6.15,6.0,22197596.0,134622742.0,6.09,6.06
2022-12-23,6.03,6.05,6.07,6.01,11206420.0,67794811.0,6.04,6.05
2022-12-26,6.05,6.16,6.16,6.0,14979659.0,91062428.0,6.05,6.08
2022-12-27,6.15,6.31,6.31,6.12,18856242.0,117997641.0,6.16,6.26
2022-12-28,6.29,6.38,6.45,6.25,28596377.0,182443004.0,6.31,6.38
2022-12-29,6.33,6.38,6.44,6.31,14803794.0,94562414.0,6.38,6.39
2022-12-30,6.41,6.44,6.48,6.4,18185136.0,117095805.0,6.38,6.44
2023-01-03,6.46,6.58,6.61,6.44,28077702.0,184235856.0,6.44,6.56
2023-01-04,6.58,6.58,6.61,6.52,22539757.0,148104429.0,6.58,6.57
2023-01-05,6.6,6.57,6.63,6.54,19385511.0,127636805.0,6.58,6.58
2023-01-06,6.61,6.61,6.62,6.57,17694693.0,116821865.0,6.57,6.6
2023-01-09,6.6,6.5,6.62,6.48,20936254.0,136511240.0,6.61,6.52
2023-01-10,6.54,6.5,6.55,6.48,13548109.0,88083139.0,6.5,6.5
2023-01-11,6.5,6.51,6.55,6.49,12694576.0,82788649.0,6.5,6.52
2023-01-12,6.5,6.48,6.53,6.44,13253159.0,85868890.0,6.51,6.48
2023-01-13,6.51,6.5,6.54,6.47,16196518.0,105276935.0,6.48,6.5
2023-01-16,6.5,6.53,6.56,6.49,25388876.0,165800728.0,6.5,6.53
2023-01-17,6.54,6.48,6.55,6.48,17353513.0,112975025.0,6.53,6.51
2023-01-18,6.48,6.56,6.57,6.48,16378372.0,107168192.0,6.48,6.54
2023-01-19,6.57,6.73,6.74,6.53,37622702.0,251095771.0,6.56,6.67
2023-01-20,6.73,6.79,6.79,6.67,37054043.0,249863503.0,6.73,6.74
2023-01-30,6.8,6.57,6.82,6.55,49364609.0,327621877.0,6.79,6.64
2023-01-31,6.59,6.52,6.59,6.48,24855876.0,161916006.0,6.57,6.51
2023-02-01,6.52,6.51,6.53,6.48,26178853.0,170037461.0,6.52,6.5
2023-02-02,6.51,6.52,6.54,6.48,21879126.0,142380847.0,6.51,6.51
2023-02-03,6.51,6.49,6.52,6.45,20747473.0,134439000.0,6.52,6.48
2023-02-06,6.46,6.49,6.53,6.45,17072958.0,110880579.0,6.49,6.49
2023-02-07,6.48,6.53,6.53,6.47,18681313.0,121504454.0,6.49,6.5
2023-02-08,6.52,6.53,6.56,6.51,14459151.0,94412255.0,6.53,6.53
2023-02-09,6.54,6.6,6.61,6.53,15693470.0,103213791.0,6.53,6.58
2023-02-10,6.6,6.7,6.74,6.58,26504277.0,176544053.0,6.6,6.66
2023-02-13,6.71,6.69,6.72,6.62,21327746.0,142107620.0,6.7,6.66
2023-02-14,6.67,6.71,6.72,6.66,15213002.0,101784207.0,6.69,6.69
2023-02-15,6.72,6.71,6.73,6.64,21545936.0,144042423.0,6.71,6.69
2023-02-16,6.69,6.7,6.78,6.67,26396514.0,177973463.0,6.71,6.74
2023-02-17,6.67,6.69,6.76,6.67,16726810.0,112363539.0,6.7,6.72
2023-02-20,6.69,6.77,6.78,6.67,17861101.0,120269123.0,6.69,6.73
2023-02-21,6.78,6.84,6.88,6.75,20505679.0,140194240.0,6.77,6.84
2023-02-22,6.82,6.87,6.91,6.81,21050696.0,144565897.0,6.84,6.87
2023-02-23,6.87,6.88,6.94,6.85,19176668.0,131968711.0,6.87,6.88
2023-02-24,6.88,6.92,6.94,6.86,16385246.0,113250906.0,6.88,6.91
2023-02-27,6.9,6.94,6.99,6.89,24348085.0,168830287.0,6.92,6.93
2023-02-28,6.94,6.93,6.97,6.91,18513370.0,128273051.0,6.94,6.93
2023-03-01,6.94,6.98,6.98,6.93,18721100.0,130305101.0,6.93,6.96
2023-03-02,6.98,7.01,7.02,6.95,17390219.0,121532284.0,6.98,6.99
2023-03-03,7.01,7.12,7.14,7.0,22701616.0,161111780.0,7.01,7.1
2023-03-06,7.12,7.08,7.15,7.06,21664523.0,153906954.0,7.12,7.1
2023-03-07,7.08,7.11,7.17,7.07,17670035.0,125943741.0,7.08,7.13
2023-03-08,7.07,7.07,7.1,7.03,20381940.0,143901584.0,7.11,7.06
2023-03-09,7.07,6.99,7.09,6.98,18706776.0,131632863.0,7.07,7.04
2023-03-10,7.01,6.95,7.01,6.89,16834867.0,117131660.0,6.99,6.96
2023-03-13,6.94,7.04,7.06,6.93,17355747.0,121828082.0,6.95,7.02
2023-03-14,7.05,7.07,7.12,7.01,15054324.0,106610958.0,7.04,7.08
2023-03-15,7.08,7.11,7.13,7.06,13383953.0,95069423.0,7.07,7.1
2023-03-16,7.08,7.11,7.17,7.04,16423173.0,117138357.0,7.11,7.13
2023-03-17,7.12,7.07,7.17,7.03,19372758.0,137612127.0,7.11,7.1
2023-03-20,7.06,7.03,7.29,6.93,43177424.0,307843107.0,7.07,7.13
2023-03-21,7.03,6.91,7.1,6.89,35318210.0,246172932.0,7.03,6.97
2023-03-22,6.94,6.89,6.98,6.88,23936329.0,165687527.0,6.91,6.92
2023-03-23,6.89,6.81,6.91,6.77,23155124.0,157738201.0,6.89,6.81
2023-03-24,6.81,6.76,6.85,6.75,18013802.0,122548758.0,6.81,6.8
2023-03-27,6.75,6.74,6.78,6.68,21817965.0,147201990.0,6.76,6.75
2023-03-28,6.72,6.78,6.83,6.72,17990317.0,122091508.0,6.74,6.79
2023-03-29,6.77,6.72,6.8,6.7,13852177.0,93340851.0,6.78,6.74
2023-03-30,6.72,6.89,6.9,6.72,25427855.0,173949039.0,6.72,6.84
2023-03-31,6.86,6.9,6.95,6.86,22482381.0,155443258.0,6.89,6.91
2023-04-03,6.89,6.76,6.92,6.72,33344044.0,226555126.0,6.9,6.79
2023-04-04,6.76,6.8,6.82,6.74,15311670.0,103965920.0,6.76,6.79
2023-04-06,6.75,6.74,6.78,6.71,18671886.0,125941945.0,6.8,6.75
2023-04-07,6.74,6.69,6.76,6.67,20779340.0,139202855.0,6.74,6.7
2023-04-10,6.7,6.71,6.71,6.63,24997530.0,166711015.0,6.69,6.67
2023-04-11,6.71,6.65,6.72,6.63,26544620.0,176781591.0,6.71,6.66
2023-04-12,6.66,6.72,6.73,6.65,28619105.0,191314902.0,6.65,6.68
2023-04-13,6.72,6.77,6.81,6.7,27888938.0,188388367.0,6.72,6.75
2023-04-14,6.74,6.77,6.8,6.73,26252018.0,177779430.0,6.77,6.77
2023-04-17,6.79,6.96,6.98,6.7,32799660.0,226565176.0,6.77,6.91
2023-04-18,6.96,6.9,6.97,6.87,16383623.0,113233003.0,6.96,6.91
2023-04-19,6.9,6.87,6.96,6.86,14070367.0,97096610.0,6.9,6.9
2023-04-20,6.88,6.85,6.9,6.79,13711668.0,93681228.0,6.87,6.83
2023-04-21,6.83,6.83,6.95,6.81,22539709.0,155302571.0,6.85,6.89
2023-04-24,6.83,6.69,6.85,6.67,29965652.0,202221225.0,6.83,6.75
2023-04-25,6.69,6.75,6.78,6.67,19309748.0,130024842.0,6.69,6.73
2023-04-26,6.73,6.69,6.77,6.69,16086807.0,108150370.0,6.75,6.72
2023-04-27,6.73,6.82,6.82,6.68,20129788.0,136204239.0,6.69,6.77
2023-04-28,6.83,6.78,6.86,6.77,20664594.0,140391062.0,6.82,6.79
2023-05-04,6.77,6.99,7.01,6.75,37428597.0,259980884.0,6.78,6.95
2023-05-05,6.99,6.94,7.03,6.9,22472190.0,156169147.0,6.99,6.95
2023-05-08,6.92,7.04,7.09,6.91,25901926.0,181701559.0,6.94,7.02
2023-05-09,7.05,6.97,7.15,6.94,32112914.0,226337599.0,7.04,7.05
2023-05-10,7.0,6.94,7.07,6.91,19050625.0,132749174.0,6.97,6.97
2023-05-11,7.03,7.3,7.62,7.01,75919754.0,558121360.0,6.94,7.35
2023-05-12,7.3,7.35,7.46,7.2,44958263.0,330366038.0,7.3,7.35
2023-05-15,7.36,7.22,7.45,7.17,30234367.0,219439336.0,7.35,7.26
2023-05-16,7.25,7.24,7.33,7.19,20412283.0,148096476.0,7.22,7.26
2023-05-17,7.22,7.2,7.26,7.13,21908635.0,157432421.0,7.24,7.19
2023-05-18,7.21,7.2,7.25,7.15,20898383.0,150401262.0,7.2,7.2
2023-05-19,7.2,7.11,7.2,7.11,13797955.0,98690259.0,7.2,7.15
2023-05-22,7.11,7.36,7.41,7.03,44852546.0,328505594.0,7.11,7.32
2023-05-23,7.37,7.36,7.41,7.33,28339221.0,208684451.0,7.36,7.36
2023-05-24,7.34,7.21,7.34,7.21,16342621.0,118463052.0,7.36,7.25
2023-05-25,7.21,7.22,7.26,7.16,14376026.0,103517320.0,7.21,7.2
2023-05-26,7.25,7.22,7.33,7.2,10797481.0,78196645.0,7.22,7.24
2023-05-29,7.21,7.43,7.49,7.2,33360215.0,246029486.0,7.22,7.37
2023-05-30,7.47,7.42,7.5,7.37,20750557.0,154125767.0,7.43,7.43
2023-05-31,7.5,7.32,7.56,7.26,20262251.0,149346349.0,7.42,7.37
2023-06-01,7.32,7.12,7.36,7.11,32925908.0,236992005.0,7.32,7.2
2023-06-02,7.13,7.09,7.16,7.07,18459902.0,131030674.0,7.12,7.1
2023-06-05,7.09,7.11,7.2,7.06,17224036.0,122614499.0,7.09,7.12
2023-06-06,7.11,7.07,7.18,7.07,17408699.0,123948976.0,7.11,7.12
2023-06-07,7.1,7.06,7.12,7.04,11558556.0,81782522.0,7.07,7.08
2023-06-08,7.04,7.18,7.23,7.04,15948865.0,114186586.0,7.06,7.16
2023-06-09,7.16,7.37,7.42,7.16,28951122.0,211437780.0,7.18,7.3
2023-06-12,7.37,7.2,7.51,7.19,21170920.0,154678568.0,7.37,7.31
2023-06-13,7.22,7.07,7.23,7.05,22298545.0,158452747.0,7.2,7.11
2023-06-14,7.09,6.99,7.12,6.98,26361842.0,185207825.0,7.07,7.03
2023-06-15,6.99,7.02,7.04,6.95,11914918.0,83301365.0,6.99,6.99
2023-06-16,7.02,6.87,7.05,6.83,49701556.0,342740717.0,7.02,6.9
2023-06-19,6.94,7.0,7.05,6.91,20116841.0,140596807.0,6.87,6.99
2023-06-20,7.0,6.99,7.02,6.95,11326464.0,79105947.0,7.0,6.98
2023-06-21,6.99,6.99,7.14,6.92,22554405.0,158791997.0,6.99,7.04
2023-06-26,6.98,7.05,7.06,6.96,20158405.0,141582854.0,6.99,7.02
2023-06-27,7.06,7.0,7.07,6.93,17517020.0,122502790.0,7.05,6.99
2023-06-28,7.0,7.17,7.18,6.98,23622081.0,168042357.0,7.0,7.11
2023-06-29,7.17,7.19,7.24,7.12,15692120.0,112837248.0,7.17,7.19
2023-06-30,7.23,7.13,7.26,7.1,14861387.0,106067776.0,7.19,7.14
2023-07-03,7.13,7.15,7.18,7.12,9782495.0,69959573.0,7.13,7.15
2023-07-04,7.15,7.07,7.16,7.03,15458427.0,109290749.0,7.15,7.07
2023-07-05,7.01,7.04,7.15,7.0,17133400.0,120973649.0,7.07,7.06
2023-07-06,7.03,6.99,7.08,6.95,16739960.0,117180863.0,7.04,7.0
2023-07-07,6.99,7.02,7.06,6.98,9525473.0,66804321.0,6.99,7.01
2023-07-10,7.02,7.03,7.14,6.99,12249595.0,86133812.0,7.02,7.03
2023-07-11,7.02,6.99,7.03,6.97,8912730.0,62355866.0,7.03,7.0
2023-07-12,7.0,6.97,7.02,6.96,11756438.0,82090893.0,6.99,6.98
2023-07-13,6.97,7.02,7.04,6.96,12359052.0,86761119.0,6.97,7.02
2023-07-14,7.01,7.0,7.05,6.99,10880469.0,76329160.0,7.02,7.02
2023-07-17,7.01,7.03,7.04,6.99,7376400.0,51710179.0,7.0,7.01
2023-07-18,7.03,7.03,7.07,7.0,9058748.0,63706103.0,7.03,7.03
2023-07-19,7.04,7.04,7.05,7.02,9115401.0,64132576.0,7.03,7.04
2023-07-20,7.04,7.03,7.08,7.01,9728400.0,68466769.0,7.04,7.04
2023-07-21,7.03,6.99,7.04,6.99,10008182.0,70170012.0,7.03,7.01
2023-07-24,7.0,7.0,7.02,6.97,8269278.0,57857428.0,6.99,7.0
2023-07-25,7.01,6.91,7.04,6.89,33063074.0,229318385.0,7.0,6.94
2023-07-26,6.93,6.96,6.99,6.89,17560529.0,121881004.0,6.91,6.94
2023-07-27,6.95,6.97,7.02,6.94,11254278.0,78649902.0,6.96,6.99
2023-07-28,6.98,6.99,7.0,6.95,14928459.0,104180756.0,6.97,6.98
2023-07-31,6.99,7.02,7.07,6.97,17771486.0,124902773.0,6.99,7.03
2023-08-01,7.04,7.09,7.1,7.01,20609451.0,145598124.0,7.02,7.06
2023-08-02,7.09,7.05,7.1,7.02,15729642.0,110979115.0,7.09,7.06
2023-08-03,7.04,7.06,7.08,7.02,8789640.0,62008330.0,7.05,7.06
2023-08-04,7.1,7.07,7.14,7.07,13159999.0,93388801.0,7.06,7.1
2023-08-07,7.07,7.11,7.12,7.02,15045340.0,106559971.0,7.07,7.08
2023-08-08,7.1,7.13,7.2,7.09,12420200.0,88648972.0,7.11,7.14
2023-08-09,7.13,7.11,7.14,7.08,12578500.0,89349827.0,7.13,7.1
2023-08-10,7.11,7.14,7.14,7.08,9508614.0,67707987.0,7.11,7.12
2023-08-11,7.14,7.05,7.15,7.04,10204509.0,72304269.0,7.14,7.09
2023-08-14,7.02,7.07,7.09,6.98,17702609.0,124497280.0,7.05,7.03
2023-08-15,7.08,7.26,7.34,7.07,36439271.0,263590311.0,7.07,7.23
2023-08-16,7.24,7.23,7.31,7.21,13237519.0,95941178.0,7.26,7.25
2023-08-17,7.21,7.18,7.23,7.13,16501000.0,118175875.0,7.23,7.16
2023-08-18,7.18,7.25,7.35,7.18,20560550.0,149820698.0,7.18,7.29
2023-08-21,7.25,7.26,7.31,7.2,17821057.0,129508006.0,7.25,7.27
2023-08-22,7.24,7.25,7.27,7.19,16243870.0,117393222.0,7.26,7.23
2023-08-23,7.24,7.25,7.33,7.24,17348048.0,126358641.0,7.25,7.28
2023-08-24,7.24,7.19,7.25,7.15,18293432.0,131346746.0,7.25,7.18
2023-08-25,7.17,7.25,7.3,7.15,16123012.0,116861180.0,7.19,7.25
2023-08-28,7.4,7.22,7.44,7.18,30212502.0,219511680.0,7.25,7.27
2023-08-29,7.22,7.15,7.25,7.13,23849169.0,171084562.0,7.22,7.17
2023-08-30,7.17,7.18,7.29,7.16,19143567.0,137914239.0,7.15,7.2
2023-08-31,7.18,7.25,7.28,7.17,16759126.0,121110223.0,7.18,7.23
2023-09-01,7.25,7.27,7.28,7.18,15327388.0,110909379.0,7.25,7.24
2023-09-04,7.26,7.28,7.32,7.21,23119053.0,167945533.0,7.27,7.26
2023-09-05,7.28,7.41,7.44,7.26,32142870.0,236971612.0,7.28,7.37
2023-09-06,7.4,7.38,7.45,7.36,15599194.0,115390344.0,7.41,7.4
2023-09-07,7.43,7.3,7.48,7.3,23112400.0,169999980.0,7.38,7.36
2023-09-08,7.3,7.3,7.36,7.29,11882035.0,86891274.0,7.3,7.31
2023-09-11,7.31,7.35,7.37,7.3,13526180.0,99414841.0,7.3,7.35
2023-09-12,7.34,7.38,7.43,7.34,13612330.0,100538308.0,7.35,7.39
2023-09-13,7.38,7.41,7.43,7.36,13393761.0,99119595.0,7.38,7.4
2023-09-14,7.42,7.56,7.59,7.38,40775036.0,307153358.0,7.41,7.53
2023-09-15,7.55,7.46,7.56,7.44,21470918.0,160673659.0,7.56,7.48
2023-09-18,7.47,7.43,7.48,7.32,26175243.0,193423355.0,7.46,7.39
2023-09-19,7.41,7.49,7.49,7.39,16240972.0,121100698.0,7.43,7.46
2023-09-20,7.49,7.48,7.51,7.44,10204384.0,76386533.0,7.49,7.49
2023-09-21,7.51,7.4,7.51,7.39,15743464.0,116990144.0,7.48,7.43
2023-09-22,7.43,7.38,7.45,7.36,19405052.0,143266062.0,7.4,7.38
2023-09-25,7.39,7.42,7.47,7.38,17804835.0,132293997.0,7.38,7.43
2023-09-26,7.44,7.44,7.48,7.42,8203698.0,61125671.0,7.42,7.45
2023-09-27,7.46,7.47,7.49,7.41,17764916.0,132302810.0,7.44,7.45
2023-09-28,7.46,7.42,7.49,7.41,13691683.0,101828876.0,7.47,7.44
2023-10-09,7.42,7.54,7.6,7.4,24069315.0,180847441.0,7.42,7.51
2023-10-10,7.53,7.55,7.58,7.5,15889033.0,119808256.0,7.54,7.54
2023-10-11,7.54,7.48,7.6,7.47,15353831.0,115512185.0,7.55,7.52
2023-10-12,7.49,7.48,7.53,7.48,9775733.0,73291629.0,7.48,7.5
2023-10-13,7.49,7.53,7.54,7.48,11525138.0,86554278.0,7.48,7.51
2023-10-16,7.51,7.6,7.61,7.5,22029202.0,167132012.0,7.53,7.59
2023-10-17,7.61,7.67,7.69,7.6,20647702.0,157985537.0,7.6,7.65
2023-10-18,7.67,7.63,7.74,7.63,18652418.0,143390302.0,7.67,7.69
2023-10-19,7.64,7.62,7.7,7.54,26101268.0,199083838.0,7.63,7.63
2023-10-20,7.64,7.55,7.66,7.52,22671708.0,171868898.0,7.62,7.58
2023-10-23,7.54,7.45,7.58,7.42,17759700.0,133462864.0,7.55,7.52
2023-10-24,7.49,7.6,7.62,7.39,21228438.0,159309478.0,7.45,7.5
2023-10-25,7.62,7.38,7.63,7.33,39732122.0,294929367.0,7.6,7.42
2023-10-26,7.37,7.53,7.56,7.36,25013982.0,187425888.0,7.38,7.49
2023-10-27,7.55,7.53,7.65,7.5,19936028.0,151043049.0,7.53,7.58
2023-10-30,7.55,7.57,7.71,7.52,27188969.0,206198708.0,7.53,7.58
2023-10-31,7.57,7.68,7.72,7.54,29299229.0,224136109.0,7.57,7.65
2023-11-01,7.69,7.81,7.87,7.66,42936410.0,334535223.0,7.68,7.79
2023-11-02,7.81,7.83,7.85,7.77,22968189.0,179565183.0,7.81,7.82
2023-11-03,7.83,7.8,7.92,7.78,22746950.0,178148618.0,7.83,7.83
2023-11-06,7.81,7.7,7.84,7.67,28263159.0,218388123.0,7.8,7.73
2023-11-07,7.7,7.79,7.84,7.68,16320248.0,127090212.0,7.7,7.79
2023-11-08,7.78,7.81,7.9,7.73,19448691.0,151853188.0,7.79,7.81
2023-11-09,7.81,7.88,7.9,7.76,16846214.0,132349382.0,7.81,7.86
2023-11-10,7.88,7.93,7.95,7.82,20806606.0,164240402.0,7.88,7.89
2023-11-13,7.92,7.93,7.94,7.82,19687523.0,155163393.0,7.93,7.88
2023-11-14,7.91,7.95,8.04,7.88,26679725.0,212013742.0,7.93,7.95
2023-11-15,7.96,8.04,8.05,7.95,21349903.0,170859382.0,7.95,8.0
2023-11-16,8.04,8.1,8.15,8.02,23907602.0,193609896.0,8.04,8.1
2023-11-17,8.09,8.05,8.1,8.0,22922242.0,184456437.0,8.1,8.05
2023-11-20,8.05,8.07,8.12,8.01,23435773.0,189019241.0,8.05,8.06
2023-11-21,8.07,8.06,8.1,8.03,14875000.0,119914019.0,8.07,8.06
2023-11-22,8.09,8.12,8.16,8.05,24104904.0,195695369.0,8.06,8.12
2023-11-23,8.14,8.08,8.14,8.04,15624653.0,126189253.0,8.12,8.08
2023-11-24,8.08,8.09,8.16,8.04,26189330.0,212078059.0,8.08,8.1
2023-11-27,8.06,8.05,8.09,8.01,27485077.0,220909476.0,8.09,8.04
2023-11-28,8.04,8.14,8.16,7.96,32633154.0,263467251.0,8.05,8.07
2023-11-29,8.15,8.23,8.27,8.13,25098006.0,206565171.0,8.14,8.23
2023-11-30,8.24,8.34,8.36,8.21,24767971.0,205426387.0,8.23,8.29
2023-12-01,8.37,8.36,8.43,8.28,41610860.0,346836322.0,8.34,8.34
2023-12-04,8.36,8.32,8.39,8.26,24022105.0,199797372.0,8.36,8.32
2023-12-05,8.31,8.34,8.46,8.3,28331937.0,237729800.0,8.32,8.39
2023-12-06,8.31,8.35,8.37,8.23,25738169.0,213948076.0,8.34,8.31
2023-12-07,8.35,8.44,8.48,8.32,24661953.0,207422493.0,8.35,8.41
2023-12-08,8.44,8.52,8.54,8.39,32719051.0,277847127.0,8.44,8.49
2023-12-11,8.49,8.53,8.56,8.41,37399327.0,317962196.0,8.52,8.5
2023-12-12,8.5,8.67,8.7,8.49,36551900.0,315311410.0,8.53,8.63
2023-12-13,8.67,8.63,8.75,8.61,26028254.0,226019909.0,8.67,8.68
2023-12-14,8.62,8.65,8.69,8.5,33173436.0,285453368.0,8.63,8.6
2023-12-15,8.64,8.57,8.71,8.57,27229564.0,235078533.0,8.65,8.63
2023-12-18,8.56,8.58,8.63,8.51,28619900.0,245240826.0,8.57,8.57
2023-12-19,8.57,8.67,8.69,8.54,27618086.0,238788838.0,8.58,8.65
2023-12-20,8.64,8.65,8.75,8.63,20554333.0,178708682.77,8.67,8.69
2023-12-21,8.67,8.66,8.7,8.57,23701378.0,204461194.54,8.65,8.63
2023-12-22,8.66,8.72,8.74,8.62,24216275.0,210778645.91,8.66,8.7
2023-12-25,8.72,8.89,8.89,8.66,25698712.0,225686328.78,8.72,8.78
2023-12-26,8.87,8.88,8.94,8.84,27833800.0,247570644.0,8.89,8.9
2023-12-27,8.88,8.98,9.0,8.85,27682700.0,247310493.0,8.88,8.93
2023-12-28,9.01,8.66,9.04,8.54,90049755.0,781985045.88,8.98,8.68
2023-12-29,8.6,8.63,8.69,8.5,40921078.0,351841482.12,8.66,8.6
2024-01-02,8.6,8.84,8.85,8.58,35756049.0,313272030.45,8.63,8.76
2024-01-03,8.83,8.91,8.92,8.76,27920360.0,247288119.07,8.84,8.86
2024-01-04,8.86,8.9,8.96,8.81,20679000.0,183593749.0,8.91,8.88
2024-01-05,8.87,8.84,8.95,8.82,24794975.0,220391063.0,8.9,8.89
2024-01-08,8.84,8.75,8.86,8.68,34473236.0,301562997.04,8.84,8.75
2024-01-09,8.73,8.62,8.73,8.42,51355809.0,439446507.64,8.75,8.56
2024-01-10,8.58,8.58,8.73,8.49,36675301.0,314551861.6,8.62,8.58
2024-01-11,8.58,8.45,8.58,8.41,35301780.0,299603187.35,8.58,8.49
2024-01-12,8.43,8.57,8.61,8.42,30291472.0,259119293.44,8.45,8.55
2024-01-15,8.59,8.67,8.7,8.53,31453052.0,271829568.0,8.57,8.64
2024-01-16,8.66,8.72,8.74,8.63,22573773.0,196244668.45,8.67,8.69
2024-01-17,8.69,8.63,8.77,8.62,18473123.0,160766167.52,8.72,8.7
2024-01-18,8.61,8.57,8.61,8.28,45783000.0,386881565.32,8.63,8.45
2024-01-19,8.54,8.51,8.65,8.47,25335761.0,216567840.29,8.57,8.55
2024-01-22,8.47,8.31,8.55,8.27,32126176.0,270392503.0,8.51,8.42
2024-01-23,8.3,8.43,8.47,8.18,29053673.0,241911299.0,8.31,8.33
2024-01-24,8.44,8.59,8.59,8.42,31231418.0,266144953.52,8.43,8.52
2024-01-25,8.59,8.66,8.68,8.55,26896141.0,231869032.71,8.59,8.62
2024-01-26,8.66,8.72,8.73,8.6,30745249.0,266700674.04,8.66,8.68
2024-01-29,8.72,8.82,8.96,8.72,37121015.0,328883337.2,8.72,8.86
2024-01-30,8.81,8.72,8.86,8.69,25546529.0,224130599.05,8.82,8.77
2024-01-31,8.72,8.74,8.83,8.65,34344931.0,300656969.34,8.72,8.75
2024-02-01,8.73,8.74,8.84,8.65,34764488.0,304577816.6,8.74,8.76
2024-02-02,8.74,8.87,8.95,8.71,46246800.0,409204493.49,8.74,8.85
2024-02-05,8.87,8.88,8.94,8.77,50484957.0,447913662.11,8.87,8.87
2024-02-06,8.86,9.02,9.09,8.86,51453332.0,464056262.7,8.88,9.02
2024-02-07,9.03,8.97,9.04,8.79,56534846.0,503229136.69,9.02,8.9
2024-02-08,8.96,8.87,8.97,8.68,62851379.0,552938426.15,8.97,8.8
2024-02-19,8.87,9.22,9.22,8.81,55603851.0,504680397.71,8.87,9.08
2024-02-20,9.24,9.36,9.4,9.15,25765532.0,239952600.42,9.22,9.31
2024-02-21,9.34,9.22,9.4,9.2,41269995.0,383733533.96,9.36,9.3
2024-02-22,9.22,9.4,9.4,9.2,24303702.0,226597054.66,9.22,9.32
2024-02-23,9.4,9.57,9.65,9.37,30885475.0,295112315.45,9.4,9.56
2024-02-26,9.57,9.35,9.62,9.32,30373566.0,287527657.99,9.57,9.47
2024-02-27,9.13,9.32,9.4,9.05,29467315.0,273191616.2,9.35,9.27
2024-02-28,9.32,9.34,9.39,9.16,27497640.0,255370661.82,9.32,9.29
2024-02-29,9.32,9.28,9.33,9.19,26343200.0,243626826.0,9.34,9.25
2024-03-01,9.24,9.22,9.34,9.2,24372299.0,225651195.04,9.28,9.26
2024-03-04,9.18,9.62,9.62,9.16,37481778.0,354141195.57,9.22,9.45
2024-03-05,9.58,9.73,9.84,9.57,33214309.0,322960350.42,9.62,9.72
2024-03-06,9.73,9.79,9.91,9.71,27768822.0,272529794.86,9.73,9.81
2024-03-07,9.77,9.84,9.87,9.74,21598863.0,212313187.54,9.79,9.83
2024-03-08,9.84,9.93,9.98,9.78,23282623.0,230687260.16,9.84,9.91
2024-03-11,9.94,9.73,10.01,9.67,37789200.0,370040285.9,9.93,9.79
2024-03-12,9.73,9.46,9.76,9.42,30126403.0,287815081.26,9.73,9.55
2024-03-13,9.43,9.41,9.54,9.37,27180389.0,256158503.29,9.46,9.42
2024-03-14,9.38,9.44,9.52,9.35,21419755.0,202271472.75,9.41,9.44
2024-03-15,9.42,9.49,9.62,9.42,21660050.0,205894127.0,9.44,9.51
2024-03-18,9.49,9.44,9.6,9.39,23012251.0,217871108.86,9.49,9.47
2024-03-19,9.45,9.4,9.53,9.38,20320600.0,192066937.44,9.44,9.45
2024-03-20,9.38,9.43,9.53,9.24,21486500.0,202104420.98,9.4,9.41
2024-03-21,9.4,9.41,9.45,9.35,13608098.0,127893288.33,9.43,9.4
2024-03-22,9.38,9.3,9.44,9.29,25706342.0,240202111.07,9.41,9.34
2024-03-25,9.27,9.3,9.39,9.27,19743251.0,184200121.64,9.3,9.33
2024-03-26,9.28,9.31,9.35,9.18,23244252.0,215145804.18,9.3,9.26
2024-03-27,9.35,9.41,9.47,9.31,26568431.0,249930290.74,9.31,9.41
2024-03-28,9.4,9.39,9.45,9.26,24219521.0,226735356.15,9.41,9.36
2024-03-29,9.41,9.58,9.58,9.39,23007913.0,219028915.61,9.39,9.52
2024-04-01,9.56,9.45,9.61,9.39,28670432.0,271092635.88,9.58,9.46
2024-04-02,9.46,9.46,9.59,9.39,24516902.0,232685770.71,9.45,9.49
2024-04-03,9.46,9.46,9.49,9.37,19094000.0,180160644.23,9.46,9.44
2024-04-08,9.47,9.66,9.73,9.45,32013199.0,307925173.22,9.46,9.62
2024-04-09,9.62,9.54,9.65,9.5,26082482.0,249201393.57,9.66,9.55
2024-04-10,9.55,9.65,9.74,9.52,28975095.0,279819047.3,9.54,9.66
2024-04-11,9.62,9.77,9.8,9.57,25943321.0,252707967.81,9.65,9.74
2024-04-12,9.78,9.81,9.9,9.76,25979284.0,255656831.68,9.77,9.84
2024-04-15,9.84,9.96,9.96,9.8,30048517.0,297365012.98,9.81,9.9
2024-04-16,9.97,9.92,10.06,9.82,37211527.0,370394719.9,9.96,9.95
2024-04-17,9.9,9.97,9.98,9.75,27763433.0,274556947.68,9.92,9.89
2024-04-18,10.02,9.87,10.08,9.79,35519672.0,351875888.6,9.97,9.91
2024-04-19,9.9,9.85,9.95,9.77,26611819.0,262232816.01,9.87,9.85
2024-04-22,9.82,9.76,9.97,9.71,24823949.0,243654099.99,9.85,9.82
2024-04-23,9.73,9.62,9.76,9.6,20673653.0,199741193.85,9.76,9.66
2024-04-24,9.62,9.76,9.82,9.62,25465336.0,248051031.93,9.62,9.74
2024-04-25,9.77,9.66,9.81,9.6,24902006.0,240604607.9,9.76,9.66
2024-04-26,9.64,9.67,9.74,9.61,19347801.0,187111147.67,9.66,9.67
2024-04-29,9.68,9.48,9.7,9.4,41738621.0,395859878.04,9.67,9.48
2024-04-30,9.45,9.56,9.63,9.44,34143206.0,326478291.86,9.48,9.56
2024-05-06,9.57,9.52,9.59,9.37,38770959.0,367024268.37,9.56,9.47
2024-05-07,9.52,9.37,9.54,9.36,32453394.0,305526758.56,9.52,9.41
2024-05-08,9.38,9.45,9.51,9.36,23875634.0,225538150.54,9.37,9.45
